,path,species
0,../Dataset/train/chickens/aug0chickens000.jpg,0
1,../Dataset/train/chickens/aug0chickens001.jpg,0
2,../Dataset/train/chickens/aug0chickens002.jpg,0
3,../Dataset/train/chickens/aug0chickens003.jpg,0
4,../Dataset/train/chickens/aug0chickens004.jpg,0
5,../Dataset/train/chickens/aug0chickens005.jpg,0
6,../Dataset/train/chickens/aug0chickens006.jpg,0
7,../Dataset/train/chickens/aug0chickens007.jpg,0
8,../Dataset/train/chickens/aug0chickens008.jpg,0
9,../Dataset/train/chickens/aug0chickens009.jpg,0
10,../Dataset/train/chickens/aug0chickens010.jpg,0
11,../Dataset/train/chickens/aug0chickens011.jpg,0
12,../Dataset/train/chickens/aug0chickens012.jpg,0
13,../Dataset/train/chickens/aug0chickens013.jpg,0
14,../Dataset/train/chickens/aug0chickens014.jpg,0
15,../Dataset/train/chickens/aug0chickens015.jpg,0
16,../Dataset/train/chickens/aug0chickens016.jpg,0
17,../Dataset/train/chickens/aug0chickens017.jpg,0
18,../Dataset/train/chickens/aug0chickens018.jpg,0
19,../Dataset/train/chickens/aug0chickens019.jpg,0
20,../Dataset/train/chickens/aug0chickens020.jpg,0
21,../Dataset/train/chickens/aug0chickens021.jpg,0
22,../Dataset/train/chickens/aug0chickens022.jpg,0
23,../Dataset/train/chickens/aug0chickens023.jpg,0
24,../Dataset/train/chickens/aug0chickens024.jpg,0
25,../Dataset/train/chickens/aug0chickens025.jpg,0
26,../Dataset/train/chickens/aug0chickens026.jpg,0
27,../Dataset/train/chickens/aug0chickens027.jpg,0
28,../Dataset/train/chickens/aug0chickens028.jpg,0
29,../Dataset/train/chickens/aug0chickens029.jpg,0
30,../Dataset/train/chickens/aug0chickens030.jpg,0
31,../Dataset/train/chickens/aug0chickens031.jpg,0
32,../Dataset/train/chickens/aug0chickens032.jpg,0
33,../Dataset/train/chickens/aug0chickens033.jpg,0
34,../Dataset/train/chickens/aug0chickens034.jpg,0
35,../Dataset/train/chickens/aug0chickens035.jpg,0
36,../Dataset/train/chickens/aug0chickens036.jpg,0
37,../Dataset/train/chickens/aug0chickens037.jpg,0
38,../Dataset/train/chickens/aug0chickens038.jpg,0
39,../Dataset/train/chickens/aug0chickens039.jpg,0
40,../Dataset/train/chickens/aug0chickens040.jpg,0
41,../Dataset/train/chickens/aug0chickens041.jpg,0
42,../Dataset/train/chickens/aug0chickens042.jpg,0
43,../Dataset/train/chickens/aug0chickens043.jpg,0
44,../Dataset/train/chickens/aug0chickens044.jpg,0
45,../Dataset/train/chickens/aug0chickens045.jpg,0
46,../Dataset/train/chickens/aug0chickens046.jpg,0
47,../Dataset/train/chickens/aug0chickens047.jpg,0
48,../Dataset/train/chickens/aug0chickens048.jpg,0
49,../Dataset/train/chickens/aug0chickens049.jpg,0
50,../Dataset/train/chickens/aug0chickens050.jpg,0
51,../Dataset/train/chickens/aug0chickens051.jpg,0
52,../Dataset/train/chickens/aug0chickens052.jpg,0
53,../Dataset/train/chickens/aug0chickens053.jpg,0
54,../Dataset/train/chickens/aug0chickens054.jpg,0
55,../Dataset/train/chickens/aug0chickens055.jpg,0
56,../Dataset/train/chickens/aug0chickens056.jpg,0
57,../Dataset/train/chickens/aug0chickens057.jpg,0
58,../Dataset/train/chickens/aug0chickens058.jpg,0
59,../Dataset/train/chickens/aug0chickens059.jpg,0
60,../Dataset/train/chickens/aug0chickens060.jpg,0
61,../Dataset/train/chickens/aug0chickens061.jpg,0
62,../Dataset/train/chickens/aug0chickens062.jpg,0
63,../Dataset/train/chickens/aug0chickens063.jpg,0
64,../Dataset/train/chickens/aug0chickens064.jpg,0
65,../Dataset/train/chickens/aug0chickens065.jpg,0
66,../Dataset/train/chickens/aug0chickens066.jpg,0
67,../Dataset/train/chickens/aug0chickens067.jpg,0
68,../Dataset/train/chickens/aug0chickens068.jpg,0
69,../Dataset/train/chickens/aug0chickens069.jpg,0
70,../Dataset/train/chickens/aug0chickens070.jpg,0
71,../Dataset/train/chickens/aug0chickens071.jpg,0
72,../Dataset/train/chickens/aug0chickens072.jpg,0
73,../Dataset/train/chickens/aug0chickens073.jpg,0
74,../Dataset/train/chickens/aug0chickens074.jpg,0
75,../Dataset/train/chickens/aug0chickens075.jpg,0
76,../Dataset/train/chickens/aug0chickens076.jpg,0
77,../Dataset/train/chickens/aug0chickens077.jpg,0
78,../Dataset/train/chickens/aug0chickens078.jpg,0
79,../Dataset/train/chickens/aug0chickens079.jpg,0
80,../Dataset/train/chickens/aug0chickens080.jpg,0
81,../Dataset/train/chickens/aug0chickens081.jpg,0
82,../Dataset/train/chickens/aug0chickens082.jpg,0
83,../Dataset/train/chickens/aug0chickens083.jpg,0
84,../Dataset/train/chickens/aug0chickens084.jpg,0
85,../Dataset/train/chickens/aug0chickens085.jpg,0
86,../Dataset/train/chickens/aug0chickens086.jpg,0
87,../Dataset/train/chickens/aug0chickens087.jpg,0
88,../Dataset/train/chickens/aug0chickens088.jpg,0
89,../Dataset/train/chickens/aug0chickens089.jpg,0
90,../Dataset/train/chickens/aug0chickens090.jpg,0
91,../Dataset/train/chickens/aug0chickens091.jpg,0
92,../Dataset/train/chickens/aug0chickens092.jpg,0
93,../Dataset/train/chickens/aug0chickens093.jpg,0
94,../Dataset/train/chickens/aug0chickens094.jpg,0
95,../Dataset/train/chickens/aug0chickens095.jpg,0
96,../Dataset/train/chickens/aug0chickens096.jpg,0
97,../Dataset/train/chickens/aug0chickens097.jpg,0
98,../Dataset/train/chickens/aug0chickens098.jpg,0
99,../Dataset/train/chickens/aug0chickens099.jpg,0
100,../Dataset/train/chickens/aug0chickens100.jpg,0
101,../Dataset/train/chickens/aug0chickens101.jpg,0
102,../Dataset/train/chickens/aug0chickens102.jpg,0
103,../Dataset/train/chickens/aug0chickens103.jpg,0
104,../Dataset/train/chickens/aug0chickens104.jpg,0
105,../Dataset/train/chickens/aug0chickens105.jpg,0
106,../Dataset/train/chickens/aug0chickens106.jpg,0
107,../Dataset/train/chickens/aug0chickens107.jpg,0
108,../Dataset/train/chickens/aug0chickens108.jpg,0
109,../Dataset/train/chickens/aug0chickens109.jpg,0
110,../Dataset/train/chickens/aug0chickens110.jpg,0
111,../Dataset/train/chickens/aug0chickens111.jpg,0
112,../Dataset/train/chickens/aug0chickens112.jpg,0
113,../Dataset/train/chickens/aug0chickens113.jpg,0
114,../Dataset/train/chickens/aug0chickens114.jpg,0
115,../Dataset/train/chickens/aug0chickens115.jpg,0
116,../Dataset/train/chickens/aug0chickens116.jpg,0
117,../Dataset/train/chickens/aug0chickens117.jpg,0
118,../Dataset/train/chickens/aug0chickens118.jpg,0
119,../Dataset/train/chickens/aug0chickens119.jpg,0
120,../Dataset/train/chickens/aug0chickens120.jpg,0
121,../Dataset/train/chickens/aug0chickens121.jpg,0
122,../Dataset/train/chickens/aug0chickens122.jpg,0
123,../Dataset/train/chickens/aug0chickens123.jpg,0
124,../Dataset/train/chickens/aug0chickens124.jpg,0
125,../Dataset/train/chickens/aug0chickens125.jpg,0
126,../Dataset/train/chickens/aug0chickens126.jpg,0
127,../Dataset/train/chickens/aug0chickens127.jpg,0
128,../Dataset/train/chickens/aug0chickens128.jpg,0
129,../Dataset/train/chickens/aug0chickens129.jpg,0
130,../Dataset/train/chickens/aug0chickens130.jpg,0
131,../Dataset/train/chickens/aug0chickens131.jpg,0
132,../Dataset/train/chickens/aug0chickens132.jpg,0
133,../Dataset/train/chickens/aug0chickens133.jpg,0
134,../Dataset/train/chickens/aug0chickens134.jpg,0
135,../Dataset/train/chickens/aug0chickens135.jpg,0
136,../Dataset/train/chickens/aug0chickens136.jpg,0
137,../Dataset/train/chickens/aug0chickens137.jpg,0
138,../Dataset/train/chickens/aug0chickens138.jpg,0
139,../Dataset/train/chickens/aug0chickens139.jpg,0
140,../Dataset/train/chickens/aug0chickens140.jpg,0
141,../Dataset/train/chickens/aug0chickens141.jpg,0
142,../Dataset/train/chickens/aug0chickens142.jpg,0
143,../Dataset/train/chickens/aug0chickens143.jpg,0
144,../Dataset/train/chickens/aug0chickens144.jpg,0
145,../Dataset/train/chickens/aug0chickens145.jpg,0
146,../Dataset/train/chickens/aug0chickens146.jpg,0
147,../Dataset/train/chickens/aug0chickens147.jpg,0
148,../Dataset/train/chickens/aug0chickens148.jpg,0
149,../Dataset/train/chickens/aug0chickens149.jpg,0
150,../Dataset/train/chickens/aug0chickens150.jpg,0
151,../Dataset/train/chickens/aug0chickens151.jpg,0
152,../Dataset/train/chickens/aug0chickens152.jpg,0
153,../Dataset/train/chickens/aug0chickens153.jpg,0
154,../Dataset/train/chickens/aug0chickens154.jpg,0
155,../Dataset/train/chickens/aug0chickens155.jpg,0
156,../Dataset/train/chickens/aug0chickens156.jpg,0
157,../Dataset/train/chickens/aug0chickens157.jpg,0
158,../Dataset/train/chickens/aug0chickens158.jpg,0
159,../Dataset/train/chickens/aug0chickens159.jpg,0
160,../Dataset/train/chickens/aug0chickens160.jpg,0
161,../Dataset/train/chickens/aug0chickens161.jpg,0
162,../Dataset/train/chickens/aug0chickens162.jpg,0
163,../Dataset/train/chickens/aug0chickens163.jpg,0
164,../Dataset/train/chickens/aug0chickens164.jpg,0
165,../Dataset/train/chickens/aug0chickens165.jpg,0
166,../Dataset/train/chickens/aug0chickens166.jpg,0
167,../Dataset/train/chickens/aug0chickens167.jpg,0
168,../Dataset/train/chickens/aug0chickens168.jpg,0
169,../Dataset/train/chickens/aug0chickens169.jpg,0
170,../Dataset/train/chickens/aug0chickens170.jpg,0
171,../Dataset/train/chickens/aug0chickens171.jpg,0
172,../Dataset/train/chickens/aug0chickens172.jpg,0
173,../Dataset/train/chickens/aug0chickens173.jpg,0
174,../Dataset/train/chickens/aug0chickens174.jpg,0
175,../Dataset/train/chickens/aug0chickens175.jpg,0
176,../Dataset/train/chickens/aug0chickens176.jpg,0
177,../Dataset/train/chickens/aug0chickens177.jpg,0
178,../Dataset/train/chickens/aug0chickens178.jpg,0
179,../Dataset/train/chickens/aug0chickens179.jpg,0
180,../Dataset/train/chickens/aug0chickens180.jpg,0
181,../Dataset/train/chickens/aug0chickens181.jpg,0
182,../Dataset/train/chickens/aug0chickens182.jpg,0
183,../Dataset/train/chickens/aug0chickens183.jpg,0
184,../Dataset/train/chickens/aug0chickens184.jpg,0
185,../Dataset/train/chickens/aug0chickens185.jpg,0
186,../Dataset/train/chickens/aug0chickens186.jpg,0
187,../Dataset/train/chickens/aug0chickens187.jpg,0
188,../Dataset/train/chickens/aug0chickens188.jpg,0
189,../Dataset/train/chickens/aug0chickens189.jpg,0
190,../Dataset/train/chickens/aug0chickens190.jpg,0
191,../Dataset/train/chickens/aug0chickens191.jpg,0
192,../Dataset/train/chickens/aug0chickens192.jpg,0
193,../Dataset/train/chickens/aug0chickens193.jpg,0
194,../Dataset/train/chickens/aug0chickens194.jpg,0
195,../Dataset/train/chickens/aug0chickens195.jpg,0
196,../Dataset/train/chickens/aug0chickens196.jpg,0
197,../Dataset/train/chickens/aug0chickens197.jpg,0
198,../Dataset/train/chickens/aug0chickens198.jpg,0
199,../Dataset/train/chickens/aug0chickens199.jpg,0
200,../Dataset/train/chickens/aug0chickens200.jpg,0
201,../Dataset/train/chickens/aug0chickens201.jpg,0
202,../Dataset/train/chickens/aug0chickens202.jpg,0
203,../Dataset/train/chickens/aug0chickens203.jpg,0
204,../Dataset/train/chickens/aug0chickens204.jpg,0
205,../Dataset/train/chickens/aug0chickens205.jpg,0
206,../Dataset/train/chickens/aug0chickens206.jpg,0
207,../Dataset/train/chickens/aug0chickens207.jpg,0
208,../Dataset/train/chickens/aug0chickens208.jpg,0
209,../Dataset/train/chickens/aug0chickens209.jpg,0
210,../Dataset/train/chickens/aug0chickens210.jpg,0
211,../Dataset/train/chickens/aug0chickens211.jpg,0
212,../Dataset/train/chickens/aug0chickens212.jpg,0
213,../Dataset/train/chickens/aug0chickens213.jpg,0
214,../Dataset/train/chickens/aug0chickens214.jpg,0
215,../Dataset/train/chickens/aug0chickens215.jpg,0
216,../Dataset/train/chickens/aug0chickens216.jpg,0
217,../Dataset/train/chickens/aug0chickens217.jpg,0
218,../Dataset/train/chickens/aug0chickens218.jpg,0
219,../Dataset/train/chickens/aug0chickens219.jpg,0
220,../Dataset/train/chickens/aug0chickens220.jpg,0
221,../Dataset/train/chickens/aug0chickens221.jpg,0
222,../Dataset/train/chickens/aug0chickens222.jpg,0
223,../Dataset/train/chickens/aug0chickens223.jpg,0
224,../Dataset/train/chickens/aug0chickens224.jpg,0
225,../Dataset/train/chickens/aug0chickens225.jpg,0
226,../Dataset/train/chickens/aug0chickens226.jpg,0
227,../Dataset/train/chickens/aug0chickens227.jpg,0
228,../Dataset/train/chickens/aug0chickens228.jpg,0
229,../Dataset/train/chickens/aug0chickens229.jpg,0
230,../Dataset/train/chickens/aug0chickens230.jpg,0
231,../Dataset/train/chickens/aug0chickens231.jpg,0
232,../Dataset/train/chickens/aug0chickens232.jpg,0
233,../Dataset/train/chickens/aug0chickens233.jpg,0
234,../Dataset/train/chickens/aug0chickens234.jpg,0
235,../Dataset/train/chickens/aug0chickens235.jpg,0
236,../Dataset/train/chickens/aug0chickens236.jpg,0
237,../Dataset/train/chickens/aug0chickens237.jpg,0
238,../Dataset/train/chickens/aug0chickens238.jpg,0
239,../Dataset/train/chickens/aug0chickens239.jpg,0
240,../Dataset/train/chickens/aug0chickens240.jpg,0
241,../Dataset/train/chickens/aug0chickens241.jpg,0
242,../Dataset/train/chickens/aug0chickens242.jpg,0
243,../Dataset/train/chickens/aug0chickens243.jpg,0
244,../Dataset/train/chickens/aug0chickens244.jpg,0
245,../Dataset/train/chickens/aug0chickens245.jpg,0
246,../Dataset/train/chickens/aug0chickens246.jpg,0
247,../Dataset/train/chickens/aug0chickens247.jpg,0
248,../Dataset/train/chickens/aug0chickens248.jpg,0
249,../Dataset/train/chickens/aug0chickens249.jpg,0
250,../Dataset/train/chickens/aug0chickens250.jpg,0
251,../Dataset/train/chickens/aug0chickens251.jpg,0
252,../Dataset/train/chickens/aug0chickens252.jpg,0
253,../Dataset/train/chickens/aug0chickens253.jpg,0
254,../Dataset/train/chickens/aug0chickens254.jpg,0
255,../Dataset/train/chickens/aug0chickens255.jpg,0
256,../Dataset/train/chickens/aug0chickens256.jpg,0
257,../Dataset/train/chickens/aug0chickens257.jpg,0
258,../Dataset/train/chickens/aug0chickens258.jpg,0
259,../Dataset/train/chickens/aug0chickens259.jpg,0
260,../Dataset/train/chickens/aug0chickens260.jpg,0
261,../Dataset/train/chickens/aug0chickens261.jpg,0
262,../Dataset/train/chickens/aug0chickens262.jpg,0
263,../Dataset/train/chickens/aug0chickens263.jpg,0
264,../Dataset/train/chickens/aug0chickens264.jpg,0
265,../Dataset/train/chickens/aug0chickens265.jpg,0
266,../Dataset/train/chickens/aug0chickens266.jpg,0
267,../Dataset/train/chickens/aug0chickens267.jpg,0
268,../Dataset/train/chickens/aug0chickens268.jpg,0
269,../Dataset/train/chickens/aug0chickens269.jpg,0
270,../Dataset/train/chickens/aug0chickens270.jpg,0
271,../Dataset/train/chickens/aug0chickens271.jpg,0
272,../Dataset/train/chickens/aug0chickens272.jpg,0
273,../Dataset/train/chickens/aug0chickens273.jpg,0
274,../Dataset/train/chickens/aug0chickens274.jpg,0
275,../Dataset/train/chickens/aug0chickens275.jpg,0
276,../Dataset/train/chickens/aug0chickens276.jpg,0
277,../Dataset/train/chickens/aug0chickens277.jpg,0
278,../Dataset/train/chickens/aug0chickens278.jpg,0
279,../Dataset/train/chickens/aug0chickens279.jpg,0
280,../Dataset/train/chickens/aug0chickens280.jpg,0
281,../Dataset/train/chickens/aug0chickens281.jpg,0
282,../Dataset/train/chickens/aug0chickens282.jpg,0
283,../Dataset/train/chickens/aug0chickens283.jpg,0
284,../Dataset/train/chickens/aug0chickens284.jpg,0
285,../Dataset/train/chickens/aug0chickens285.jpg,0
286,../Dataset/train/chickens/aug0chickens286.jpg,0
287,../Dataset/train/chickens/aug0chickens287.jpg,0
288,../Dataset/train/chickens/aug0chickens288.jpg,0
289,../Dataset/train/chickens/aug0chickens289.jpg,0
290,../Dataset/train/chickens/aug0chickens290.jpg,0
291,../Dataset/train/chickens/aug0chickens291.jpg,0
292,../Dataset/train/chickens/aug0chickens292.jpg,0
293,../Dataset/train/chickens/aug0chickens293.jpg,0
294,../Dataset/train/chickens/aug0chickens294.jpg,0
295,../Dataset/train/chickens/aug0chickens295.jpg,0
296,../Dataset/train/chickens/aug0chickens296.jpg,0
297,../Dataset/train/chickens/aug0chickens297.jpg,0
298,../Dataset/train/chickens/aug0chickens298.jpg,0
299,../Dataset/train/chickens/aug0chickens299.jpg,0
300,../Dataset/train/chickens/aug0chickens300.jpg,0
301,../Dataset/train/chickens/aug0chickens301.jpg,0
302,../Dataset/train/chickens/aug0chickens302.jpg,0
303,../Dataset/train/chickens/aug0chickens303.jpg,0
304,../Dataset/train/chickens/aug0chickens304.jpg,0
305,../Dataset/train/chickens/aug0chickens305.jpg,0
306,../Dataset/train/chickens/aug0chickens306.jpg,0
307,../Dataset/train/chickens/aug0chickens307.jpg,0
308,../Dataset/train/chickens/aug0chickens308.jpg,0
309,../Dataset/train/chickens/aug0chickens309.jpg,0
310,../Dataset/train/chickens/chickens000.jpg,0
311,../Dataset/train/chickens/chickens001.jpg,0
312,../Dataset/train/chickens/chickens002.jpg,0
313,../Dataset/train/chickens/chickens003.jpg,0
314,../Dataset/train/chickens/chickens004.jpg,0
315,../Dataset/train/chickens/chickens005.jpg,0
316,../Dataset/train/chickens/chickens006.jpg,0
317,../Dataset/train/chickens/chickens007.jpg,0
318,../Dataset/train/chickens/chickens008.jpg,0
319,../Dataset/train/chickens/chickens009.jpg,0
320,../Dataset/train/chickens/chickens010.jpg,0
321,../Dataset/train/chickens/chickens011.jpg,0
322,../Dataset/train/chickens/chickens012.jpg,0
323,../Dataset/train/chickens/chickens013.jpg,0
324,../Dataset/train/chickens/chickens014.jpg,0
325,../Dataset/train/chickens/chickens015.jpg,0
326,../Dataset/train/chickens/chickens016.jpg,0
327,../Dataset/train/chickens/chickens017.jpg,0
328,../Dataset/train/chickens/chickens018.jpg,0
329,../Dataset/train/chickens/chickens019.jpg,0
330,../Dataset/train/chickens/chickens020.jpg,0
331,../Dataset/train/chickens/chickens021.jpg,0
332,../Dataset/train/chickens/chickens022.jpg,0
333,../Dataset/train/chickens/chickens023.jpg,0
334,../Dataset/train/chickens/chickens024.jpg,0
335,../Dataset/train/chickens/chickens025.jpg,0
336,../Dataset/train/chickens/chickens026.jpg,0
337,../Dataset/train/chickens/chickens027.jpg,0
338,../Dataset/train/chickens/chickens028.jpg,0
339,../Dataset/train/chickens/chickens029.jpg,0
340,../Dataset/train/chickens/chickens030.jpg,0
341,../Dataset/train/chickens/chickens031.jpg,0
342,../Dataset/train/chickens/chickens032.jpg,0
343,../Dataset/train/chickens/chickens033.jpg,0
344,../Dataset/train/chickens/chickens034.jpg,0
345,../Dataset/train/chickens/chickens035.jpg,0
346,../Dataset/train/chickens/chickens036.jpg,0
347,../Dataset/train/chickens/chickens037.jpg,0
348,../Dataset/train/chickens/chickens038.jpg,0
349,../Dataset/train/chickens/chickens039.jpg,0
350,../Dataset/train/chickens/chickens040.jpg,0
351,../Dataset/train/chickens/chickens041.jpg,0
352,../Dataset/train/chickens/chickens042.jpg,0
353,../Dataset/train/chickens/chickens043.jpg,0
354,../Dataset/train/chickens/chickens044.jpg,0
355,../Dataset/train/chickens/chickens045.jpg,0
356,../Dataset/train/chickens/chickens046.jpg,0
357,../Dataset/train/chickens/chickens047.jpg,0
358,../Dataset/train/chickens/chickens048.jpg,0
359,../Dataset/train/chickens/chickens049.jpg,0
360,../Dataset/train/chickens/chickens050.jpg,0
361,../Dataset/train/chickens/chickens051.jpg,0
362,../Dataset/train/chickens/chickens052.jpg,0
363,../Dataset/train/chickens/chickens053.jpg,0
364,../Dataset/train/chickens/chickens054.jpg,0
365,../Dataset/train/chickens/chickens055.jpg,0
366,../Dataset/train/chickens/chickens056.jpg,0
367,../Dataset/train/chickens/chickens057.jpg,0
368,../Dataset/train/chickens/chickens058.jpg,0
369,../Dataset/train/chickens/chickens059.jpg,0
370,../Dataset/train/chickens/chickens060.jpg,0
371,../Dataset/train/chickens/chickens061.jpg,0
372,../Dataset/train/chickens/chickens062.jpg,0
373,../Dataset/train/chickens/chickens063.jpg,0
374,../Dataset/train/chickens/chickens064.jpg,0
375,../Dataset/train/chickens/chickens065.jpg,0
376,../Dataset/train/chickens/chickens066.jpg,0
377,../Dataset/train/chickens/chickens067.jpg,0
378,../Dataset/train/chickens/chickens068.jpg,0
379,../Dataset/train/chickens/chickens069.jpg,0
380,../Dataset/train/chickens/chickens070.jpg,0
381,../Dataset/train/chickens/chickens071.jpg,0
382,../Dataset/train/chickens/chickens072.jpg,0
383,../Dataset/train/chickens/chickens073.jpg,0
384,../Dataset/train/chickens/chickens074.jpg,0
385,../Dataset/train/chickens/chickens075.jpg,0
386,../Dataset/train/chickens/chickens076.jpg,0
387,../Dataset/train/chickens/chickens077.jpg,0
388,../Dataset/train/chickens/chickens078.jpg,0
389,../Dataset/train/chickens/chickens079.jpg,0
390,../Dataset/train/chickens/chickens080.jpg,0
391,../Dataset/train/chickens/chickens081.jpg,0
392,../Dataset/train/chickens/chickens082.jpg,0
393,../Dataset/train/chickens/chickens083.jpg,0
394,../Dataset/train/chickens/chickens084.jpg,0
395,../Dataset/train/chickens/chickens085.jpg,0
396,../Dataset/train/chickens/chickens086.jpg,0
397,../Dataset/train/chickens/chickens087.jpg,0
398,../Dataset/train/chickens/chickens088.jpg,0
399,../Dataset/train/chickens/chickens089.jpg,0
400,../Dataset/train/chickens/chickens090.jpg,0
401,../Dataset/train/chickens/chickens091.jpg,0
402,../Dataset/train/chickens/chickens092.jpg,0
403,../Dataset/train/chickens/chickens093.jpg,0
404,../Dataset/train/chickens/chickens094.jpg,0
405,../Dataset/train/chickens/chickens095.jpg,0
406,../Dataset/train/chickens/chickens096.jpg,0
407,../Dataset/train/chickens/chickens097.jpg,0
408,../Dataset/train/chickens/chickens098.jpg,0
409,../Dataset/train/chickens/chickens099.jpg,0
410,../Dataset/train/chickens/chickens100.jpg,0
411,../Dataset/train/chickens/chickens101.jpg,0
412,../Dataset/train/chickens/chickens102.jpg,0
413,../Dataset/train/chickens/chickens103.jpg,0
414,../Dataset/train/chickens/chickens104.jpg,0
415,../Dataset/train/chickens/chickens105.jpg,0
416,../Dataset/train/chickens/chickens106.jpg,0
417,../Dataset/train/chickens/chickens107.jpg,0
418,../Dataset/train/chickens/chickens108.jpg,0
419,../Dataset/train/chickens/chickens109.jpg,0
420,../Dataset/train/chickens/chickens110.jpg,0
421,../Dataset/train/chickens/chickens111.jpg,0
422,../Dataset/train/chickens/chickens112.jpg,0
423,../Dataset/train/chickens/chickens113.jpg,0
424,../Dataset/train/chickens/chickens114.jpg,0
425,../Dataset/train/chickens/chickens115.jpg,0
426,../Dataset/train/chickens/chickens116.jpg,0
427,../Dataset/train/chickens/chickens117.jpg,0
428,../Dataset/train/chickens/chickens118.jpg,0
429,../Dataset/train/chickens/chickens119.jpg,0
430,../Dataset/train/chickens/chickens120.jpg,0
431,../Dataset/train/chickens/chickens121.jpg,0
432,../Dataset/train/chickens/chickens122.jpg,0
433,../Dataset/train/chickens/chickens123.jpg,0
434,../Dataset/train/chickens/chickens124.jpg,0
435,../Dataset/train/chickens/chickens125.jpg,0
436,../Dataset/train/chickens/chickens126.jpg,0
437,../Dataset/train/chickens/chickens127.jpg,0
438,../Dataset/train/chickens/chickens128.jpg,0
439,../Dataset/train/chickens/chickens129.jpg,0
440,../Dataset/train/chickens/chickens130.jpg,0
441,../Dataset/train/chickens/chickens131.jpg,0
442,../Dataset/train/chickens/chickens132.jpg,0
443,../Dataset/train/chickens/chickens133.jpg,0
444,../Dataset/train/chickens/chickens134.jpg,0
445,../Dataset/train/chickens/chickens135.jpg,0
446,../Dataset/train/chickens/chickens136.jpg,0
447,../Dataset/train/chickens/chickens137.jpg,0
448,../Dataset/train/chickens/chickens138.jpg,0
449,../Dataset/train/chickens/chickens139.jpg,0
450,../Dataset/train/chickens/chickens140.jpg,0
451,../Dataset/train/chickens/chickens141.jpg,0
452,../Dataset/train/chickens/chickens142.jpg,0
453,../Dataset/train/chickens/chickens143.jpg,0
454,../Dataset/train/chickens/chickens144.jpg,0
455,../Dataset/train/chickens/chickens145.jpg,0
456,../Dataset/train/chickens/chickens146.jpg,0
457,../Dataset/train/chickens/chickens147.jpg,0
458,../Dataset/train/chickens/chickens148.jpg,0
459,../Dataset/train/chickens/chickens149.jpg,0
460,../Dataset/train/chickens/chickens150.jpg,0
461,../Dataset/train/chickens/chickens151.jpg,0
462,../Dataset/train/chickens/chickens152.jpg,0
463,../Dataset/train/chickens/chickens153.jpg,0
464,../Dataset/train/chickens/chickens154.jpg,0
465,../Dataset/train/chickens/chickens155.jpg,0
466,../Dataset/train/chickens/chickens156.jpg,0
467,../Dataset/train/chickens/chickens157.jpg,0
468,../Dataset/train/chickens/chickens158.jpg,0
469,../Dataset/train/chickens/chickens159.jpg,0
470,../Dataset/train/chickens/chickens160.jpg,0
471,../Dataset/train/chickens/chickens161.jpg,0
472,../Dataset/train/chickens/chickens162.jpg,0
473,../Dataset/train/chickens/chickens163.jpg,0
474,../Dataset/train/chickens/chickens164.jpg,0
475,../Dataset/train/chickens/chickens165.jpg,0
476,../Dataset/train/chickens/chickens166.jpg,0
477,../Dataset/train/chickens/chickens167.jpg,0
478,../Dataset/train/chickens/chickens168.jpg,0
479,../Dataset/train/chickens/chickens169.jpg,0
480,../Dataset/train/chickens/chickens170.jpg,0
481,../Dataset/train/chickens/chickens171.jpg,0
482,../Dataset/train/chickens/chickens172.jpg,0
483,../Dataset/train/chickens/chickens173.jpg,0
484,../Dataset/train/chickens/chickens174.jpg,0
485,../Dataset/train/chickens/chickens175.jpg,0
486,../Dataset/train/chickens/chickens176.jpg,0
487,../Dataset/train/chickens/chickens177.jpg,0
488,../Dataset/train/chickens/chickens178.jpg,0
489,../Dataset/train/chickens/chickens179.jpg,0
490,../Dataset/train/chickens/chickens180.jpg,0
491,../Dataset/train/chickens/chickens181.jpg,0
492,../Dataset/train/chickens/chickens182.jpg,0
493,../Dataset/train/chickens/chickens183.jpg,0
494,../Dataset/train/chickens/chickens184.jpg,0
495,../Dataset/train/chickens/chickens185.jpg,0
496,../Dataset/train/chickens/chickens186.jpg,0
497,../Dataset/train/chickens/chickens187.jpg,0
498,../Dataset/train/chickens/chickens188.jpg,0
499,../Dataset/train/chickens/chickens189.jpg,0
500,../Dataset/train/chickens/chickens190.jpg,0
501,../Dataset/train/chickens/chickens191.jpg,0
502,../Dataset/train/chickens/chickens192.jpg,0
503,../Dataset/train/chickens/chickens193.jpg,0
504,../Dataset/train/chickens/chickens194.jpg,0
505,../Dataset/train/chickens/chickens195.jpg,0
506,../Dataset/train/chickens/chickens196.jpg,0
507,../Dataset/train/chickens/chickens197.jpg,0
508,../Dataset/train/chickens/chickens198.jpg,0
509,../Dataset/train/chickens/chickens199.jpg,0
510,../Dataset/train/chickens/chickens200.jpg,0
511,../Dataset/train/chickens/chickens201.jpg,0
512,../Dataset/train/chickens/chickens202.jpg,0
513,../Dataset/train/chickens/chickens203.jpg,0
514,../Dataset/train/chickens/chickens204.jpg,0
515,../Dataset/train/chickens/chickens205.jpg,0
516,../Dataset/train/chickens/chickens206.jpg,0
517,../Dataset/train/chickens/chickens207.jpg,0
518,../Dataset/train/chickens/chickens208.jpg,0
519,../Dataset/train/chickens/chickens209.jpg,0
520,../Dataset/train/chickens/chickens210.jpg,0
521,../Dataset/train/chickens/chickens211.jpg,0
522,../Dataset/train/chickens/chickens212.jpg,0
523,../Dataset/train/chickens/chickens213.jpg,0
524,../Dataset/train/chickens/chickens214.jpg,0
525,../Dataset/train/chickens/chickens215.jpg,0
526,../Dataset/train/chickens/chickens216.jpg,0
527,../Dataset/train/chickens/chickens217.jpg,0
528,../Dataset/train/chickens/chickens218.jpg,0
529,../Dataset/train/chickens/chickens219.jpg,0
530,../Dataset/train/chickens/chickens220.jpg,0
531,../Dataset/train/chickens/chickens221.jpg,0
532,../Dataset/train/chickens/chickens222.jpg,0
533,../Dataset/train/chickens/chickens223.jpg,0
534,../Dataset/train/chickens/chickens224.jpg,0
535,../Dataset/train/chickens/chickens225.jpg,0
536,../Dataset/train/chickens/chickens226.jpg,0
537,../Dataset/train/chickens/chickens227.jpg,0
538,../Dataset/train/chickens/chickens228.jpg,0
539,../Dataset/train/chickens/chickens229.jpg,0
540,../Dataset/train/chickens/chickens230.jpg,0
541,../Dataset/train/chickens/chickens231.jpg,0
542,../Dataset/train/chickens/chickens232.jpg,0
543,../Dataset/train/chickens/chickens233.jpg,0
544,../Dataset/train/chickens/chickens234.jpg,0
545,../Dataset/train/chickens/chickens235.jpg,0
546,../Dataset/train/chickens/chickens236.jpg,0
547,../Dataset/train/chickens/chickens237.jpg,0
548,../Dataset/train/chickens/chickens238.jpg,0
549,../Dataset/train/chickens/chickens239.jpg,0
550,../Dataset/train/chickens/chickens240.jpg,0
551,../Dataset/train/chickens/chickens241.jpg,0
552,../Dataset/train/chickens/chickens242.jpg,0
553,../Dataset/train/chickens/chickens243.jpg,0
554,../Dataset/train/chickens/chickens244.jpg,0
555,../Dataset/train/chickens/chickens245.jpg,0
556,../Dataset/train/chickens/chickens246.jpg,0
557,../Dataset/train/chickens/chickens247.jpg,0
558,../Dataset/train/chickens/chickens248.jpg,0
559,../Dataset/train/chickens/chickens249.jpg,0
560,../Dataset/train/chickens/chickens250.jpg,0
561,../Dataset/train/chickens/chickens251.jpg,0
562,../Dataset/train/chickens/chickens252.jpg,0
563,../Dataset/train/chickens/chickens253.jpg,0
564,../Dataset/train/chickens/chickens254.jpg,0
565,../Dataset/train/chickens/chickens255.jpg,0
566,../Dataset/train/chickens/chickens256.jpg,0
567,../Dataset/train/chickens/chickens257.jpg,0
568,../Dataset/train/chickens/chickens258.jpg,0
569,../Dataset/train/chickens/chickens259.jpg,0
570,../Dataset/train/chickens/chickens260.jpg,0
571,../Dataset/train/chickens/chickens261.jpg,0
572,../Dataset/train/chickens/chickens262.jpg,0
573,../Dataset/train/chickens/chickens263.jpg,0
574,../Dataset/train/chickens/chickens264.jpg,0
575,../Dataset/train/chickens/chickens265.jpg,0
576,../Dataset/train/chickens/chickens266.jpg,0
577,../Dataset/train/chickens/chickens267.jpg,0
578,../Dataset/train/chickens/chickens268.jpg,0
579,../Dataset/train/chickens/chickens269.jpg,0
580,../Dataset/train/chickens/chickens270.jpg,0
581,../Dataset/train/chickens/chickens271.jpg,0
582,../Dataset/train/chickens/chickens272.jpg,0
583,../Dataset/train/chickens/chickens273.jpg,0
584,../Dataset/train/chickens/chickens274.jpg,0
585,../Dataset/train/chickens/chickens275.jpg,0
586,../Dataset/train/chickens/chickens276.jpg,0
587,../Dataset/train/chickens/chickens277.jpg,0
588,../Dataset/train/chickens/chickens278.jpg,0
589,../Dataset/train/chickens/chickens279.jpg,0
590,../Dataset/train/chickens/chickens280.jpg,0
591,../Dataset/train/chickens/chickens281.jpg,0
592,../Dataset/train/chickens/chickens282.jpg,0
593,../Dataset/train/chickens/chickens283.jpg,0
594,../Dataset/train/chickens/chickens284.jpg,0
595,../Dataset/train/chickens/chickens285.jpg,0
596,../Dataset/train/chickens/chickens286.jpg,0
597,../Dataset/train/chickens/chickens287.jpg,0
598,../Dataset/train/chickens/chickens288.jpg,0
599,../Dataset/train/chickens/chickens289.jpg,0
600,../Dataset/train/chickens/chickens290.jpg,0
601,../Dataset/train/chickens/chickens291.jpg,0
602,../Dataset/train/chickens/chickens292.jpg,0
603,../Dataset/train/chickens/chickens293.jpg,0
604,../Dataset/train/chickens/chickens294.jpg,0
605,../Dataset/train/chickens/chickens295.jpg,0
606,../Dataset/train/chickens/chickens296.jpg,0
607,../Dataset/train/chickens/chickens297.jpg,0
608,../Dataset/train/chickens/chickens298.jpg,0
609,../Dataset/train/chickens/chickens299.jpg,0
610,../Dataset/train/chickens/chickens300.jpg,0
611,../Dataset/train/chickens/chickens301.jpg,0
612,../Dataset/train/chickens/chickens302.jpg,0
613,../Dataset/train/chickens/chickens303.jpg,0
614,../Dataset/train/chickens/chickens304.jpg,0
615,../Dataset/train/chickens/chickens305.jpg,0
616,../Dataset/train/chickens/chickens306.jpg,0
617,../Dataset/train/chickens/chickens307.jpg,0
618,../Dataset/train/chickens/chickens308.jpg,0
619,../Dataset/train/chickens/chickens309.jpg,0
620,../Dataset/train/rabbits/aug0rabbits000.jpg,1
621,../Dataset/train/rabbits/aug0rabbits001.jpg,1
622,../Dataset/train/rabbits/aug0rabbits002.jpg,1
623,../Dataset/train/rabbits/aug0rabbits003.jpg,1
624,../Dataset/train/rabbits/aug0rabbits004.jpg,1
625,../Dataset/train/rabbits/aug0rabbits005.jpg,1
626,../Dataset/train/rabbits/aug0rabbits006.jpg,1
627,../Dataset/train/rabbits/aug0rabbits007.jpg,1
628,../Dataset/train/rabbits/aug0rabbits008.jpg,1
629,../Dataset/train/rabbits/aug0rabbits009.jpg,1
630,../Dataset/train/rabbits/aug0rabbits010.jpg,1
631,../Dataset/train/rabbits/aug0rabbits011.jpg,1
632,../Dataset/train/rabbits/aug0rabbits012.jpg,1
633,../Dataset/train/rabbits/aug0rabbits013.jpg,1
634,../Dataset/train/rabbits/aug0rabbits014.jpg,1
635,../Dataset/train/rabbits/aug0rabbits015.jpg,1
636,../Dataset/train/rabbits/aug0rabbits016.jpg,1
637,../Dataset/train/rabbits/aug0rabbits017.jpg,1
638,../Dataset/train/rabbits/aug0rabbits018.jpg,1
639,../Dataset/train/rabbits/aug0rabbits019.jpg,1
640,../Dataset/train/rabbits/aug0rabbits020.jpg,1
641,../Dataset/train/rabbits/aug0rabbits021.jpg,1
642,../Dataset/train/rabbits/aug0rabbits022.jpg,1
643,../Dataset/train/rabbits/aug0rabbits023.jpg,1
644,../Dataset/train/rabbits/aug0rabbits024.jpg,1
645,../Dataset/train/rabbits/aug0rabbits025.jpg,1
646,../Dataset/train/rabbits/aug0rabbits026.jpg,1
647,../Dataset/train/rabbits/aug0rabbits027.jpg,1
648,../Dataset/train/rabbits/aug0rabbits028.jpg,1
649,../Dataset/train/rabbits/aug0rabbits029.jpg,1
650,../Dataset/train/rabbits/aug0rabbits030.jpg,1
651,../Dataset/train/rabbits/aug0rabbits031.jpg,1
652,../Dataset/train/rabbits/aug0rabbits032.jpg,1
653,../Dataset/train/rabbits/aug0rabbits033.jpg,1
654,../Dataset/train/rabbits/aug0rabbits034.jpg,1
655,../Dataset/train/rabbits/aug0rabbits035.jpg,1
656,../Dataset/train/rabbits/aug0rabbits036.jpg,1
657,../Dataset/train/rabbits/aug0rabbits037.jpg,1
658,../Dataset/train/rabbits/aug0rabbits038.jpg,1
659,../Dataset/train/rabbits/aug0rabbits039.jpg,1
660,../Dataset/train/rabbits/aug0rabbits040.jpg,1
661,../Dataset/train/rabbits/aug0rabbits041.jpg,1
662,../Dataset/train/rabbits/aug0rabbits042.jpg,1
663,../Dataset/train/rabbits/aug0rabbits043.jpg,1
664,../Dataset/train/rabbits/aug0rabbits044.jpg,1
665,../Dataset/train/rabbits/aug0rabbits045.jpg,1
666,../Dataset/train/rabbits/aug0rabbits046.jpg,1
667,../Dataset/train/rabbits/aug0rabbits047.jpg,1
668,../Dataset/train/rabbits/aug0rabbits048.jpg,1
669,../Dataset/train/rabbits/aug0rabbits049.jpg,1
670,../Dataset/train/rabbits/aug0rabbits050.jpg,1
671,../Dataset/train/rabbits/aug0rabbits051.jpg,1
672,../Dataset/train/rabbits/aug0rabbits052.jpg,1
673,../Dataset/train/rabbits/aug0rabbits053.jpg,1
674,../Dataset/train/rabbits/aug0rabbits054.jpg,1
675,../Dataset/train/rabbits/aug0rabbits055.jpg,1
676,../Dataset/train/rabbits/aug0rabbits056.jpg,1
677,../Dataset/train/rabbits/aug0rabbits057.jpg,1
678,../Dataset/train/rabbits/aug0rabbits058.jpg,1
679,../Dataset/train/rabbits/aug0rabbits059.jpg,1
680,../Dataset/train/rabbits/aug0rabbits060.jpg,1
681,../Dataset/train/rabbits/aug0rabbits061.jpg,1
682,../Dataset/train/rabbits/aug0rabbits062.jpg,1
683,../Dataset/train/rabbits/aug0rabbits063.jpg,1
684,../Dataset/train/rabbits/aug0rabbits064.jpg,1
685,../Dataset/train/rabbits/aug0rabbits065.jpg,1
686,../Dataset/train/rabbits/aug0rabbits066.jpg,1
687,../Dataset/train/rabbits/aug0rabbits067.jpg,1
688,../Dataset/train/rabbits/aug0rabbits068.jpg,1
689,../Dataset/train/rabbits/aug0rabbits069.jpg,1
690,../Dataset/train/rabbits/aug0rabbits070.jpg,1
691,../Dataset/train/rabbits/aug0rabbits071.jpg,1
692,../Dataset/train/rabbits/aug0rabbits072.jpg,1
693,../Dataset/train/rabbits/aug0rabbits073.jpg,1
694,../Dataset/train/rabbits/aug0rabbits074.jpg,1
695,../Dataset/train/rabbits/aug0rabbits075.jpg,1
696,../Dataset/train/rabbits/aug0rabbits076.jpg,1
697,../Dataset/train/rabbits/aug0rabbits077.jpg,1
698,../Dataset/train/rabbits/aug0rabbits078.jpg,1
699,../Dataset/train/rabbits/aug0rabbits079.jpg,1
700,../Dataset/train/rabbits/aug0rabbits080.jpg,1
701,../Dataset/train/rabbits/aug0rabbits081.jpg,1
702,../Dataset/train/rabbits/aug0rabbits082.jpg,1
703,../Dataset/train/rabbits/aug0rabbits083.jpg,1
704,../Dataset/train/rabbits/aug0rabbits084.jpg,1
705,../Dataset/train/rabbits/aug0rabbits085.jpg,1
706,../Dataset/train/rabbits/aug0rabbits086.jpg,1
707,../Dataset/train/rabbits/aug0rabbits087.jpg,1
708,../Dataset/train/rabbits/aug0rabbits088.jpg,1
709,../Dataset/train/rabbits/aug0rabbits089.jpg,1
710,../Dataset/train/rabbits/aug0rabbits090.jpg,1
711,../Dataset/train/rabbits/aug0rabbits091.jpg,1
712,../Dataset/train/rabbits/aug0rabbits092.jpg,1
713,../Dataset/train/rabbits/aug0rabbits093.jpg,1
714,../Dataset/train/rabbits/aug0rabbits094.jpg,1
715,../Dataset/train/rabbits/aug0rabbits095.jpg,1
716,../Dataset/train/rabbits/aug0rabbits096.jpg,1
717,../Dataset/train/rabbits/aug0rabbits097.jpg,1
718,../Dataset/train/rabbits/aug0rabbits098.jpg,1
719,../Dataset/train/rabbits/aug0rabbits099.jpg,1
720,../Dataset/train/rabbits/aug0rabbits100.jpg,1
721,../Dataset/train/rabbits/aug0rabbits101.jpg,1
722,../Dataset/train/rabbits/aug0rabbits102.jpg,1
723,../Dataset/train/rabbits/aug0rabbits103.jpg,1
724,../Dataset/train/rabbits/aug0rabbits104.jpg,1
725,../Dataset/train/rabbits/aug0rabbits105.jpg,1
726,../Dataset/train/rabbits/aug0rabbits106.jpg,1
727,../Dataset/train/rabbits/aug0rabbits107.jpg,1
728,../Dataset/train/rabbits/aug0rabbits108.jpg,1
729,../Dataset/train/rabbits/aug0rabbits109.jpg,1
730,../Dataset/train/rabbits/aug0rabbits110.jpg,1
731,../Dataset/train/rabbits/aug0rabbits111.jpg,1
732,../Dataset/train/rabbits/aug0rabbits112.jpg,1
733,../Dataset/train/rabbits/aug0rabbits113.jpg,1
734,../Dataset/train/rabbits/aug0rabbits114.jpg,1
735,../Dataset/train/rabbits/aug0rabbits115.jpg,1
736,../Dataset/train/rabbits/aug0rabbits116.jpg,1
737,../Dataset/train/rabbits/aug0rabbits117.jpg,1
738,../Dataset/train/rabbits/aug0rabbits118.jpg,1
739,../Dataset/train/rabbits/aug0rabbits119.jpg,1
740,../Dataset/train/rabbits/aug0rabbits120.jpg,1
741,../Dataset/train/rabbits/aug0rabbits121.jpg,1
742,../Dataset/train/rabbits/aug0rabbits122.jpg,1
743,../Dataset/train/rabbits/aug0rabbits123.jpg,1
744,../Dataset/train/rabbits/aug0rabbits124.jpg,1
745,../Dataset/train/rabbits/aug0rabbits125.jpg,1
746,../Dataset/train/rabbits/aug0rabbits126.jpg,1
747,../Dataset/train/rabbits/aug0rabbits127.jpg,1
748,../Dataset/train/rabbits/aug0rabbits128.jpg,1
749,../Dataset/train/rabbits/aug0rabbits129.jpg,1
750,../Dataset/train/rabbits/aug0rabbits130.jpg,1
751,../Dataset/train/rabbits/aug0rabbits131.jpg,1
752,../Dataset/train/rabbits/aug0rabbits132.jpg,1
753,../Dataset/train/rabbits/aug0rabbits133.jpg,1
754,../Dataset/train/rabbits/aug0rabbits134.jpg,1
755,../Dataset/train/rabbits/aug0rabbits135.jpg,1
756,../Dataset/train/rabbits/aug0rabbits136.jpg,1
757,../Dataset/train/rabbits/aug0rabbits137.jpg,1
758,../Dataset/train/rabbits/aug0rabbits138.jpg,1
759,../Dataset/train/rabbits/aug0rabbits139.jpg,1
760,../Dataset/train/rabbits/aug0rabbits140.jpg,1
761,../Dataset/train/rabbits/aug0rabbits141.jpg,1
762,../Dataset/train/rabbits/aug0rabbits142.jpg,1
763,../Dataset/train/rabbits/aug0rabbits143.jpg,1
764,../Dataset/train/rabbits/aug0rabbits144.jpg,1
765,../Dataset/train/rabbits/aug0rabbits145.jpg,1
766,../Dataset/train/rabbits/aug0rabbits146.jpg,1
767,../Dataset/train/rabbits/aug0rabbits147.jpg,1
768,../Dataset/train/rabbits/aug0rabbits148.jpg,1
769,../Dataset/train/rabbits/aug0rabbits149.jpg,1
770,../Dataset/train/rabbits/aug0rabbits150.jpg,1
771,../Dataset/train/rabbits/aug0rabbits151.jpg,1
772,../Dataset/train/rabbits/aug0rabbits152.jpg,1
773,../Dataset/train/rabbits/aug0rabbits153.jpg,1
774,../Dataset/train/rabbits/aug0rabbits154.jpg,1
775,../Dataset/train/rabbits/aug0rabbits155.jpg,1
776,../Dataset/train/rabbits/aug0rabbits156.jpg,1
777,../Dataset/train/rabbits/aug0rabbits157.jpg,1
778,../Dataset/train/rabbits/aug0rabbits158.jpg,1
779,../Dataset/train/rabbits/aug0rabbits159.jpg,1
780,../Dataset/train/rabbits/aug0rabbits160.jpg,1
781,../Dataset/train/rabbits/aug0rabbits161.jpg,1
782,../Dataset/train/rabbits/aug0rabbits162.jpg,1
783,../Dataset/train/rabbits/aug0rabbits163.jpg,1
784,../Dataset/train/rabbits/aug0rabbits164.jpg,1
785,../Dataset/train/rabbits/aug0rabbits165.jpg,1
786,../Dataset/train/rabbits/aug0rabbits166.jpg,1
787,../Dataset/train/rabbits/aug0rabbits167.jpg,1
788,../Dataset/train/rabbits/aug0rabbits168.jpg,1
789,../Dataset/train/rabbits/aug0rabbits169.jpg,1
790,../Dataset/train/rabbits/aug0rabbits170.jpg,1
791,../Dataset/train/rabbits/aug0rabbits171.jpg,1
792,../Dataset/train/rabbits/aug0rabbits172.jpg,1
793,../Dataset/train/rabbits/aug0rabbits173.jpg,1
794,../Dataset/train/rabbits/aug0rabbits174.jpg,1
795,../Dataset/train/rabbits/aug0rabbits175.jpg,1
796,../Dataset/train/rabbits/aug0rabbits176.jpg,1
797,../Dataset/train/rabbits/aug0rabbits177.jpg,1
798,../Dataset/train/rabbits/aug0rabbits178.jpg,1
799,../Dataset/train/rabbits/aug0rabbits179.jpg,1
800,../Dataset/train/rabbits/aug0rabbits180.jpg,1
801,../Dataset/train/rabbits/aug0rabbits181.jpg,1
802,../Dataset/train/rabbits/aug0rabbits182.jpg,1
803,../Dataset/train/rabbits/aug0rabbits183.jpg,1
804,../Dataset/train/rabbits/aug0rabbits184.jpg,1
805,../Dataset/train/rabbits/aug0rabbits185.jpg,1
806,../Dataset/train/rabbits/aug0rabbits186.jpg,1
807,../Dataset/train/rabbits/aug0rabbits187.jpg,1
808,../Dataset/train/rabbits/aug0rabbits188.jpg,1
809,../Dataset/train/rabbits/aug0rabbits189.jpg,1
810,../Dataset/train/rabbits/aug0rabbits190.jpg,1
811,../Dataset/train/rabbits/aug0rabbits191.jpg,1
812,../Dataset/train/rabbits/aug0rabbits192.jpg,1
813,../Dataset/train/rabbits/aug0rabbits193.jpg,1
814,../Dataset/train/rabbits/aug0rabbits194.jpg,1
815,../Dataset/train/rabbits/aug0rabbits195.jpg,1
816,../Dataset/train/rabbits/aug0rabbits196.jpg,1
817,../Dataset/train/rabbits/aug0rabbits197.jpg,1
818,../Dataset/train/rabbits/aug0rabbits198.jpg,1
819,../Dataset/train/rabbits/aug0rabbits199.jpg,1
820,../Dataset/train/rabbits/aug0rabbits200.jpg,1
821,../Dataset/train/rabbits/aug0rabbits201.jpg,1
822,../Dataset/train/rabbits/aug0rabbits202.jpg,1
823,../Dataset/train/rabbits/aug0rabbits203.jpg,1
824,../Dataset/train/rabbits/aug0rabbits204.jpg,1
825,../Dataset/train/rabbits/aug0rabbits205.jpg,1
826,../Dataset/train/rabbits/aug0rabbits206.jpg,1
827,../Dataset/train/rabbits/aug0rabbits207.jpg,1
828,../Dataset/train/rabbits/aug0rabbits208.jpg,1
829,../Dataset/train/rabbits/aug0rabbits209.jpg,1
830,../Dataset/train/rabbits/aug0rabbits210.jpg,1
831,../Dataset/train/rabbits/aug0rabbits211.jpg,1
832,../Dataset/train/rabbits/aug0rabbits212.jpg,1
833,../Dataset/train/rabbits/aug0rabbits213.jpg,1
834,../Dataset/train/rabbits/aug0rabbits214.jpg,1
835,../Dataset/train/rabbits/aug0rabbits215.jpg,1
836,../Dataset/train/rabbits/aug0rabbits216.jpg,1
837,../Dataset/train/rabbits/aug0rabbits217.jpg,1
838,../Dataset/train/rabbits/aug0rabbits218.jpg,1
839,../Dataset/train/rabbits/aug0rabbits219.jpg,1
840,../Dataset/train/rabbits/aug0rabbits220.jpg,1
841,../Dataset/train/rabbits/aug0rabbits221.jpg,1
842,../Dataset/train/rabbits/aug0rabbits222.jpg,1
843,../Dataset/train/rabbits/aug0rabbits223.jpg,1
844,../Dataset/train/rabbits/aug0rabbits224.jpg,1
845,../Dataset/train/rabbits/aug0rabbits225.jpg,1
846,../Dataset/train/rabbits/aug0rabbits226.jpg,1
847,../Dataset/train/rabbits/aug0rabbits227.jpg,1
848,../Dataset/train/rabbits/aug0rabbits228.jpg,1
849,../Dataset/train/rabbits/aug0rabbits229.jpg,1
850,../Dataset/train/rabbits/aug0rabbits230.jpg,1
851,../Dataset/train/rabbits/aug0rabbits231.jpg,1
852,../Dataset/train/rabbits/aug0rabbits232.jpg,1
853,../Dataset/train/rabbits/aug0rabbits233.jpg,1
854,../Dataset/train/rabbits/aug0rabbits234.jpg,1
855,../Dataset/train/rabbits/aug0rabbits235.jpg,1
856,../Dataset/train/rabbits/aug0rabbits236.jpg,1
857,../Dataset/train/rabbits/aug0rabbits237.jpg,1
858,../Dataset/train/rabbits/aug0rabbits238.jpg,1
859,../Dataset/train/rabbits/aug0rabbits239.jpg,1
860,../Dataset/train/rabbits/aug0rabbits240.jpg,1
861,../Dataset/train/rabbits/aug0rabbits241.jpg,1
862,../Dataset/train/rabbits/aug0rabbits242.jpg,1
863,../Dataset/train/rabbits/aug0rabbits243.jpg,1
864,../Dataset/train/rabbits/aug0rabbits244.jpg,1
865,../Dataset/train/rabbits/aug0rabbits245.jpg,1
866,../Dataset/train/rabbits/aug0rabbits246.jpg,1
867,../Dataset/train/rabbits/aug0rabbits247.jpg,1
868,../Dataset/train/rabbits/aug0rabbits248.jpg,1
869,../Dataset/train/rabbits/aug0rabbits249.jpg,1
870,../Dataset/train/rabbits/aug0rabbits250.jpg,1
871,../Dataset/train/rabbits/aug0rabbits251.jpg,1
872,../Dataset/train/rabbits/aug0rabbits252.jpg,1
873,../Dataset/train/rabbits/aug0rabbits253.jpg,1
874,../Dataset/train/rabbits/aug0rabbits254.jpg,1
875,../Dataset/train/rabbits/aug0rabbits255.jpg,1
876,../Dataset/train/rabbits/aug0rabbits256.jpg,1
877,../Dataset/train/rabbits/aug0rabbits257.jpg,1
878,../Dataset/train/rabbits/aug0rabbits258.jpg,1
879,../Dataset/train/rabbits/aug0rabbits259.jpg,1
880,../Dataset/train/rabbits/aug0rabbits260.jpg,1
881,../Dataset/train/rabbits/aug0rabbits261.jpg,1
882,../Dataset/train/rabbits/aug0rabbits262.jpg,1
883,../Dataset/train/rabbits/aug0rabbits263.jpg,1
884,../Dataset/train/rabbits/aug0rabbits264.jpg,1
885,../Dataset/train/rabbits/aug0rabbits265.jpg,1
886,../Dataset/train/rabbits/aug0rabbits266.jpg,1
887,../Dataset/train/rabbits/aug0rabbits267.jpg,1
888,../Dataset/train/rabbits/aug0rabbits268.jpg,1
889,../Dataset/train/rabbits/aug0rabbits269.jpg,1
890,../Dataset/train/rabbits/aug0rabbits270.jpg,1
891,../Dataset/train/rabbits/aug0rabbits271.jpg,1
892,../Dataset/train/rabbits/aug0rabbits272.jpg,1
893,../Dataset/train/rabbits/aug0rabbits273.jpg,1
894,../Dataset/train/rabbits/aug0rabbits274.jpg,1
895,../Dataset/train/rabbits/aug0rabbits275.jpg,1
896,../Dataset/train/rabbits/aug0rabbits276.jpg,1
897,../Dataset/train/rabbits/aug0rabbits277.jpg,1
898,../Dataset/train/rabbits/aug0rabbits278.jpg,1
899,../Dataset/train/rabbits/aug0rabbits279.jpg,1
900,../Dataset/train/rabbits/aug0rabbits280.jpg,1
901,../Dataset/train/rabbits/aug0rabbits281.jpg,1
902,../Dataset/train/rabbits/aug0rabbits282.jpg,1
903,../Dataset/train/rabbits/aug0rabbits283.jpg,1
904,../Dataset/train/rabbits/aug0rabbits284.jpg,1
905,../Dataset/train/rabbits/aug0rabbits285.jpg,1
906,../Dataset/train/rabbits/aug0rabbits286.jpg,1
907,../Dataset/train/rabbits/aug0rabbits287.jpg,1
908,../Dataset/train/rabbits/aug0rabbits288.jpg,1
909,../Dataset/train/rabbits/aug0rabbits289.jpg,1
910,../Dataset/train/rabbits/aug0rabbits290.jpg,1
911,../Dataset/train/rabbits/aug0rabbits291.jpg,1
912,../Dataset/train/rabbits/aug0rabbits292.jpg,1
913,../Dataset/train/rabbits/aug0rabbits293.jpg,1
914,../Dataset/train/rabbits/aug0rabbits294.jpg,1
915,../Dataset/train/rabbits/aug0rabbits295.jpg,1
916,../Dataset/train/rabbits/aug0rabbits296.jpg,1
917,../Dataset/train/rabbits/aug0rabbits297.jpg,1
918,../Dataset/train/rabbits/aug0rabbits298.jpg,1
919,../Dataset/train/rabbits/aug0rabbits299.jpg,1
920,../Dataset/train/rabbits/aug0rabbits300.jpg,1
921,../Dataset/train/rabbits/aug0rabbits301.jpg,1
922,../Dataset/train/rabbits/aug0rabbits302.jpg,1
923,../Dataset/train/rabbits/aug0rabbits303.jpg,1
924,../Dataset/train/rabbits/aug0rabbits304.jpg,1
925,../Dataset/train/rabbits/aug0rabbits305.jpg,1
926,../Dataset/train/rabbits/aug0rabbits306.jpg,1
927,../Dataset/train/rabbits/aug0rabbits307.jpg,1
928,../Dataset/train/rabbits/aug0rabbits308.jpg,1
929,../Dataset/train/rabbits/aug0rabbits309.jpg,1
930,../Dataset/train/rabbits/rabbits000.jpg,1
931,../Dataset/train/rabbits/rabbits001.jpg,1
932,../Dataset/train/rabbits/rabbits002.jpg,1
933,../Dataset/train/rabbits/rabbits003.jpg,1
934,../Dataset/train/rabbits/rabbits004.jpg,1
935,../Dataset/train/rabbits/rabbits005.jpg,1
936,../Dataset/train/rabbits/rabbits006.jpg,1
937,../Dataset/train/rabbits/rabbits007.jpg,1
938,../Dataset/train/rabbits/rabbits008.jpg,1
939,../Dataset/train/rabbits/rabbits009.jpg,1
940,../Dataset/train/rabbits/rabbits010.jpg,1
941,../Dataset/train/rabbits/rabbits011.jpg,1
942,../Dataset/train/rabbits/rabbits012.jpg,1
943,../Dataset/train/rabbits/rabbits013.jpg,1
944,../Dataset/train/rabbits/rabbits014.jpg,1
945,../Dataset/train/rabbits/rabbits015.jpg,1
946,../Dataset/train/rabbits/rabbits016.jpg,1
947,../Dataset/train/rabbits/rabbits017.jpg,1
948,../Dataset/train/rabbits/rabbits018.jpg,1
949,../Dataset/train/rabbits/rabbits019.jpg,1
950,../Dataset/train/rabbits/rabbits020.jpg,1
951,../Dataset/train/rabbits/rabbits021.jpg,1
952,../Dataset/train/rabbits/rabbits022.jpg,1
953,../Dataset/train/rabbits/rabbits023.jpg,1
954,../Dataset/train/rabbits/rabbits024.jpg,1
955,../Dataset/train/rabbits/rabbits025.jpg,1
956,../Dataset/train/rabbits/rabbits026.jpg,1
957,../Dataset/train/rabbits/rabbits027.jpg,1
958,../Dataset/train/rabbits/rabbits028.jpg,1
959,../Dataset/train/rabbits/rabbits029.jpg,1
960,../Dataset/train/rabbits/rabbits030.jpg,1
961,../Dataset/train/rabbits/rabbits031.jpg,1
962,../Dataset/train/rabbits/rabbits032.jpg,1
963,../Dataset/train/rabbits/rabbits033.jpg,1
964,../Dataset/train/rabbits/rabbits034.jpg,1
965,../Dataset/train/rabbits/rabbits035.jpg,1
966,../Dataset/train/rabbits/rabbits036.jpg,1
967,../Dataset/train/rabbits/rabbits037.jpg,1
968,../Dataset/train/rabbits/rabbits038.jpg,1
969,../Dataset/train/rabbits/rabbits039.jpg,1
970,../Dataset/train/rabbits/rabbits040.jpg,1
971,../Dataset/train/rabbits/rabbits041.jpg,1
972,../Dataset/train/rabbits/rabbits042.jpg,1
973,../Dataset/train/rabbits/rabbits043.jpg,1
974,../Dataset/train/rabbits/rabbits044.jpg,1
975,../Dataset/train/rabbits/rabbits045.jpg,1
976,../Dataset/train/rabbits/rabbits046.jpg,1
977,../Dataset/train/rabbits/rabbits047.jpg,1
978,../Dataset/train/rabbits/rabbits048.jpg,1
979,../Dataset/train/rabbits/rabbits049.jpg,1
980,../Dataset/train/rabbits/rabbits050.jpg,1
981,../Dataset/train/rabbits/rabbits051.jpg,1
982,../Dataset/train/rabbits/rabbits052.jpg,1
983,../Dataset/train/rabbits/rabbits053.jpg,1
984,../Dataset/train/rabbits/rabbits054.jpg,1
985,../Dataset/train/rabbits/rabbits055.jpg,1
986,../Dataset/train/rabbits/rabbits056.jpg,1
987,../Dataset/train/rabbits/rabbits057.jpg,1
988,../Dataset/train/rabbits/rabbits058.jpg,1
989,../Dataset/train/rabbits/rabbits059.jpg,1
990,../Dataset/train/rabbits/rabbits060.jpg,1
991,../Dataset/train/rabbits/rabbits061.jpg,1
992,../Dataset/train/rabbits/rabbits062.jpg,1
993,../Dataset/train/rabbits/rabbits063.jpg,1
994,../Dataset/train/rabbits/rabbits064.jpg,1
995,../Dataset/train/rabbits/rabbits065.jpg,1
996,../Dataset/train/rabbits/rabbits066.jpg,1
997,../Dataset/train/rabbits/rabbits067.jpg,1
998,../Dataset/train/rabbits/rabbits068.jpg,1
999,../Dataset/train/rabbits/rabbits069.jpg,1
1000,../Dataset/train/rabbits/rabbits070.jpg,1
1001,../Dataset/train/rabbits/rabbits071.jpg,1
1002,../Dataset/train/rabbits/rabbits072.jpg,1
1003,../Dataset/train/rabbits/rabbits073.jpg,1
1004,../Dataset/train/rabbits/rabbits074.jpg,1
1005,../Dataset/train/rabbits/rabbits075.jpg,1
1006,../Dataset/train/rabbits/rabbits076.jpg,1
1007,../Dataset/train/rabbits/rabbits077.jpg,1
1008,../Dataset/train/rabbits/rabbits078.jpg,1
1009,../Dataset/train/rabbits/rabbits079.jpg,1
1010,../Dataset/train/rabbits/rabbits080.jpg,1
1011,../Dataset/train/rabbits/rabbits081.jpg,1
1012,../Dataset/train/rabbits/rabbits082.jpg,1
1013,../Dataset/train/rabbits/rabbits083.jpg,1
1014,../Dataset/train/rabbits/rabbits084.jpg,1
1015,../Dataset/train/rabbits/rabbits085.jpg,1
1016,../Dataset/train/rabbits/rabbits086.jpg,1
1017,../Dataset/train/rabbits/rabbits087.jpg,1
1018,../Dataset/train/rabbits/rabbits088.jpg,1
1019,../Dataset/train/rabbits/rabbits089.jpg,1
1020,../Dataset/train/rabbits/rabbits090.jpg,1
1021,../Dataset/train/rabbits/rabbits091.jpg,1
1022,../Dataset/train/rabbits/rabbits092.jpg,1
1023,../Dataset/train/rabbits/rabbits093.jpg,1
1024,../Dataset/train/rabbits/rabbits094.jpg,1
1025,../Dataset/train/rabbits/rabbits095.jpg,1
1026,../Dataset/train/rabbits/rabbits096.jpg,1
1027,../Dataset/train/rabbits/rabbits097.jpg,1
1028,../Dataset/train/rabbits/rabbits098.jpg,1
1029,../Dataset/train/rabbits/rabbits099.jpg,1
1030,../Dataset/train/rabbits/rabbits100.jpg,1
1031,../Dataset/train/rabbits/rabbits101.jpg,1
1032,../Dataset/train/rabbits/rabbits102.jpg,1
1033,../Dataset/train/rabbits/rabbits103.jpg,1
1034,../Dataset/train/rabbits/rabbits104.jpg,1
1035,../Dataset/train/rabbits/rabbits105.jpg,1
1036,../Dataset/train/rabbits/rabbits106.jpg,1
1037,../Dataset/train/rabbits/rabbits107.jpg,1
1038,../Dataset/train/rabbits/rabbits108.jpg,1
1039,../Dataset/train/rabbits/rabbits109.jpg,1
1040,../Dataset/train/rabbits/rabbits110.jpg,1
1041,../Dataset/train/rabbits/rabbits111.jpg,1
1042,../Dataset/train/rabbits/rabbits112.jpg,1
1043,../Dataset/train/rabbits/rabbits113.jpg,1
1044,../Dataset/train/rabbits/rabbits114.jpg,1
1045,../Dataset/train/rabbits/rabbits115.jpg,1
1046,../Dataset/train/rabbits/rabbits116.jpg,1
1047,../Dataset/train/rabbits/rabbits117.jpg,1
1048,../Dataset/train/rabbits/rabbits118.jpg,1
1049,../Dataset/train/rabbits/rabbits119.jpg,1
1050,../Dataset/train/rabbits/rabbits120.jpg,1
1051,../Dataset/train/rabbits/rabbits121.jpg,1
1052,../Dataset/train/rabbits/rabbits122.jpg,1
1053,../Dataset/train/rabbits/rabbits123.jpg,1
1054,../Dataset/train/rabbits/rabbits124.jpg,1
1055,../Dataset/train/rabbits/rabbits125.jpg,1
1056,../Dataset/train/rabbits/rabbits126.jpg,1
1057,../Dataset/train/rabbits/rabbits127.jpg,1
1058,../Dataset/train/rabbits/rabbits128.jpg,1
1059,../Dataset/train/rabbits/rabbits129.jpg,1
1060,../Dataset/train/rabbits/rabbits130.jpg,1
1061,../Dataset/train/rabbits/rabbits131.jpg,1
1062,../Dataset/train/rabbits/rabbits132.jpg,1
1063,../Dataset/train/rabbits/rabbits133.jpg,1
1064,../Dataset/train/rabbits/rabbits134.jpg,1
1065,../Dataset/train/rabbits/rabbits135.jpg,1
1066,../Dataset/train/rabbits/rabbits136.jpg,1
1067,../Dataset/train/rabbits/rabbits137.jpg,1
1068,../Dataset/train/rabbits/rabbits138.jpg,1
1069,../Dataset/train/rabbits/rabbits139.jpg,1
1070,../Dataset/train/rabbits/rabbits140.jpg,1
1071,../Dataset/train/rabbits/rabbits141.jpg,1
1072,../Dataset/train/rabbits/rabbits142.jpg,1
1073,../Dataset/train/rabbits/rabbits143.jpg,1
1074,../Dataset/train/rabbits/rabbits144.jpg,1
1075,../Dataset/train/rabbits/rabbits145.jpg,1
1076,../Dataset/train/rabbits/rabbits146.jpg,1
1077,../Dataset/train/rabbits/rabbits147.jpg,1
1078,../Dataset/train/rabbits/rabbits148.jpg,1
1079,../Dataset/train/rabbits/rabbits149.jpg,1
1080,../Dataset/train/rabbits/rabbits150.jpg,1
1081,../Dataset/train/rabbits/rabbits151.jpg,1
1082,../Dataset/train/rabbits/rabbits152.jpg,1
1083,../Dataset/train/rabbits/rabbits153.jpg,1
1084,../Dataset/train/rabbits/rabbits154.jpg,1
1085,../Dataset/train/rabbits/rabbits155.jpg,1
1086,../Dataset/train/rabbits/rabbits156.jpg,1
1087,../Dataset/train/rabbits/rabbits157.jpg,1
1088,../Dataset/train/rabbits/rabbits158.jpg,1
1089,../Dataset/train/rabbits/rabbits159.jpg,1
1090,../Dataset/train/rabbits/rabbits160.jpg,1
1091,../Dataset/train/rabbits/rabbits161.jpg,1
1092,../Dataset/train/rabbits/rabbits162.jpg,1
1093,../Dataset/train/rabbits/rabbits163.jpg,1
1094,../Dataset/train/rabbits/rabbits164.jpg,1
1095,../Dataset/train/rabbits/rabbits165.jpg,1
1096,../Dataset/train/rabbits/rabbits166.jpg,1
1097,../Dataset/train/rabbits/rabbits167.jpg,1
1098,../Dataset/train/rabbits/rabbits168.jpg,1
1099,../Dataset/train/rabbits/rabbits169.jpg,1
1100,../Dataset/train/rabbits/rabbits170.jpg,1
1101,../Dataset/train/rabbits/rabbits171.jpg,1
1102,../Dataset/train/rabbits/rabbits172.jpg,1
1103,../Dataset/train/rabbits/rabbits173.jpg,1
1104,../Dataset/train/rabbits/rabbits174.jpg,1
1105,../Dataset/train/rabbits/rabbits175.jpg,1
1106,../Dataset/train/rabbits/rabbits176.jpg,1
1107,../Dataset/train/rabbits/rabbits177.jpg,1
1108,../Dataset/train/rabbits/rabbits178.jpg,1
1109,../Dataset/train/rabbits/rabbits179.jpg,1
1110,../Dataset/train/rabbits/rabbits180.jpg,1
1111,../Dataset/train/rabbits/rabbits181.jpg,1
1112,../Dataset/train/rabbits/rabbits182.jpg,1
1113,../Dataset/train/rabbits/rabbits183.jpg,1
1114,../Dataset/train/rabbits/rabbits184.jpg,1
1115,../Dataset/train/rabbits/rabbits185.jpg,1
1116,../Dataset/train/rabbits/rabbits186.jpg,1
1117,../Dataset/train/rabbits/rabbits187.jpg,1
1118,../Dataset/train/rabbits/rabbits188.jpg,1
1119,../Dataset/train/rabbits/rabbits189.jpg,1
1120,../Dataset/train/rabbits/rabbits190.jpg,1
1121,../Dataset/train/rabbits/rabbits191.jpg,1
1122,../Dataset/train/rabbits/rabbits192.jpg,1
1123,../Dataset/train/rabbits/rabbits193.jpg,1
1124,../Dataset/train/rabbits/rabbits194.jpg,1
1125,../Dataset/train/rabbits/rabbits195.jpg,1
1126,../Dataset/train/rabbits/rabbits196.jpg,1
1127,../Dataset/train/rabbits/rabbits197.jpg,1
1128,../Dataset/train/rabbits/rabbits198.jpg,1
1129,../Dataset/train/rabbits/rabbits199.jpg,1
1130,../Dataset/train/rabbits/rabbits200.jpg,1
1131,../Dataset/train/rabbits/rabbits201.jpg,1
1132,../Dataset/train/rabbits/rabbits202.jpg,1
1133,../Dataset/train/rabbits/rabbits203.jpg,1
1134,../Dataset/train/rabbits/rabbits204.jpg,1
1135,../Dataset/train/rabbits/rabbits205.jpg,1
1136,../Dataset/train/rabbits/rabbits206.jpg,1
1137,../Dataset/train/rabbits/rabbits207.jpg,1
1138,../Dataset/train/rabbits/rabbits208.jpg,1
1139,../Dataset/train/rabbits/rabbits209.jpg,1
1140,../Dataset/train/rabbits/rabbits210.jpg,1
1141,../Dataset/train/rabbits/rabbits211.jpg,1
1142,../Dataset/train/rabbits/rabbits212.jpg,1
1143,../Dataset/train/rabbits/rabbits213.jpg,1
1144,../Dataset/train/rabbits/rabbits214.jpg,1
1145,../Dataset/train/rabbits/rabbits215.jpg,1
1146,../Dataset/train/rabbits/rabbits216.jpg,1
1147,../Dataset/train/rabbits/rabbits217.jpg,1
1148,../Dataset/train/rabbits/rabbits218.jpg,1
1149,../Dataset/train/rabbits/rabbits219.jpg,1
1150,../Dataset/train/rabbits/rabbits220.jpg,1
1151,../Dataset/train/rabbits/rabbits221.jpg,1
1152,../Dataset/train/rabbits/rabbits222.jpg,1
1153,../Dataset/train/rabbits/rabbits223.jpg,1
1154,../Dataset/train/rabbits/rabbits224.jpg,1
1155,../Dataset/train/rabbits/rabbits225.jpg,1
1156,../Dataset/train/rabbits/rabbits226.jpg,1
1157,../Dataset/train/rabbits/rabbits227.jpg,1
1158,../Dataset/train/rabbits/rabbits228.jpg,1
1159,../Dataset/train/rabbits/rabbits229.jpg,1
1160,../Dataset/train/rabbits/rabbits230.jpg,1
1161,../Dataset/train/rabbits/rabbits231.jpg,1
1162,../Dataset/train/rabbits/rabbits232.jpg,1
1163,../Dataset/train/rabbits/rabbits233.jpg,1
1164,../Dataset/train/rabbits/rabbits234.jpg,1
1165,../Dataset/train/rabbits/rabbits235.jpg,1
1166,../Dataset/train/rabbits/rabbits236.jpg,1
1167,../Dataset/train/rabbits/rabbits237.jpg,1
1168,../Dataset/train/rabbits/rabbits238.jpg,1
1169,../Dataset/train/rabbits/rabbits239.jpg,1
1170,../Dataset/train/rabbits/rabbits240.jpg,1
1171,../Dataset/train/rabbits/rabbits241.jpg,1
1172,../Dataset/train/rabbits/rabbits242.jpg,1
1173,../Dataset/train/rabbits/rabbits243.jpg,1
1174,../Dataset/train/rabbits/rabbits244.jpg,1
1175,../Dataset/train/rabbits/rabbits245.jpg,1
1176,../Dataset/train/rabbits/rabbits246.jpg,1
1177,../Dataset/train/rabbits/rabbits247.jpg,1
1178,../Dataset/train/rabbits/rabbits248.jpg,1
1179,../Dataset/train/rabbits/rabbits249.jpg,1
1180,../Dataset/train/rabbits/rabbits250.jpg,1
1181,../Dataset/train/rabbits/rabbits251.jpg,1
1182,../Dataset/train/rabbits/rabbits252.jpg,1
1183,../Dataset/train/rabbits/rabbits253.jpg,1
1184,../Dataset/train/rabbits/rabbits254.jpg,1
1185,../Dataset/train/rabbits/rabbits255.jpg,1
1186,../Dataset/train/rabbits/rabbits256.jpg,1
1187,../Dataset/train/rabbits/rabbits257.jpg,1
1188,../Dataset/train/rabbits/rabbits258.jpg,1
1189,../Dataset/train/rabbits/rabbits259.jpg,1
1190,../Dataset/train/rabbits/rabbits260.jpg,1
1191,../Dataset/train/rabbits/rabbits261.jpg,1
1192,../Dataset/train/rabbits/rabbits262.jpg,1
1193,../Dataset/train/rabbits/rabbits263.jpg,1
1194,../Dataset/train/rabbits/rabbits264.jpg,1
1195,../Dataset/train/rabbits/rabbits265.jpg,1
1196,../Dataset/train/rabbits/rabbits266.jpg,1
1197,../Dataset/train/rabbits/rabbits267.jpg,1
1198,../Dataset/train/rabbits/rabbits268.jpg,1
1199,../Dataset/train/rabbits/rabbits269.jpg,1
1200,../Dataset/train/rabbits/rabbits270.jpg,1
1201,../Dataset/train/rabbits/rabbits271.jpg,1
1202,../Dataset/train/rabbits/rabbits272.jpg,1
1203,../Dataset/train/rabbits/rabbits273.jpg,1
1204,../Dataset/train/rabbits/rabbits274.jpg,1
1205,../Dataset/train/rabbits/rabbits275.jpg,1
1206,../Dataset/train/rabbits/rabbits276.jpg,1
1207,../Dataset/train/rabbits/rabbits277.jpg,1
1208,../Dataset/train/rabbits/rabbits278.jpg,1
1209,../Dataset/train/rabbits/rabbits279.jpg,1
1210,../Dataset/train/rabbits/rabbits280.jpg,1
1211,../Dataset/train/rabbits/rabbits281.jpg,1
1212,../Dataset/train/rabbits/rabbits282.jpg,1
1213,../Dataset/train/rabbits/rabbits283.jpg,1
1214,../Dataset/train/rabbits/rabbits284.jpg,1
1215,../Dataset/train/rabbits/rabbits285.jpg,1
1216,../Dataset/train/rabbits/rabbits286.jpg,1
1217,../Dataset/train/rabbits/rabbits287.jpg,1
1218,../Dataset/train/rabbits/rabbits288.jpg,1
1219,../Dataset/train/rabbits/rabbits289.jpg,1
1220,../Dataset/train/rabbits/rabbits290.jpg,1
1221,../Dataset/train/rabbits/rabbits291.jpg,1
1222,../Dataset/train/rabbits/rabbits292.jpg,1
1223,../Dataset/train/rabbits/rabbits293.jpg,1
1224,../Dataset/train/rabbits/rabbits294.jpg,1
1225,../Dataset/train/rabbits/rabbits295.jpg,1
1226,../Dataset/train/rabbits/rabbits296.jpg,1
1227,../Dataset/train/rabbits/rabbits297.jpg,1
1228,../Dataset/train/rabbits/rabbits298.jpg,1
1229,../Dataset/train/rabbits/rabbits299.jpg,1
1230,../Dataset/train/rabbits/rabbits300.jpg,1
1231,../Dataset/train/rabbits/rabbits301.jpg,1
1232,../Dataset/train/rabbits/rabbits302.jpg,1
1233,../Dataset/train/rabbits/rabbits303.jpg,1
1234,../Dataset/train/rabbits/rabbits304.jpg,1
1235,../Dataset/train/rabbits/rabbits305.jpg,1
1236,../Dataset/train/rabbits/rabbits306.jpg,1
1237,../Dataset/train/rabbits/rabbits307.jpg,1
1238,../Dataset/train/rabbits/rabbits308.jpg,1
1239,../Dataset/train/rabbits/rabbits309.jpg,1
1240,../Dataset/train/rats/aug0rats000.jpg,2
1241,../Dataset/train/rats/aug0rats001.jpg,2
1242,../Dataset/train/rats/aug0rats002.jpg,2
1243,../Dataset/train/rats/aug0rats003.jpg,2
1244,../Dataset/train/rats/aug0rats004.jpg,2
1245,../Dataset/train/rats/aug0rats005.jpg,2
1246,../Dataset/train/rats/aug0rats006.jpg,2
1247,../Dataset/train/rats/aug0rats007.jpg,2
1248,../Dataset/train/rats/aug0rats008.jpg,2
1249,../Dataset/train/rats/aug0rats009.jpg,2
1250,../Dataset/train/rats/aug0rats010.jpg,2
1251,../Dataset/train/rats/aug0rats011.jpg,2
1252,../Dataset/train/rats/aug0rats012.jpg,2
1253,../Dataset/train/rats/aug0rats013.jpg,2
1254,../Dataset/train/rats/aug0rats014.jpg,2
1255,../Dataset/train/rats/aug0rats015.jpg,2
1256,../Dataset/train/rats/aug0rats016.jpg,2
1257,../Dataset/train/rats/aug0rats017.jpg,2
1258,../Dataset/train/rats/aug0rats018.jpg,2
1259,../Dataset/train/rats/aug0rats019.jpg,2
1260,../Dataset/train/rats/aug0rats020.jpg,2
1261,../Dataset/train/rats/aug0rats021.jpg,2
1262,../Dataset/train/rats/aug0rats022.jpg,2
1263,../Dataset/train/rats/aug0rats023.jpg,2
1264,../Dataset/train/rats/aug0rats024.jpg,2
1265,../Dataset/train/rats/aug0rats025.jpg,2
1266,../Dataset/train/rats/aug0rats026.jpg,2
1267,../Dataset/train/rats/aug0rats027.jpg,2
1268,../Dataset/train/rats/aug0rats028.jpg,2
1269,../Dataset/train/rats/aug0rats029.jpg,2
1270,../Dataset/train/rats/aug0rats030.jpg,2
1271,../Dataset/train/rats/aug0rats031.jpg,2
1272,../Dataset/train/rats/aug0rats032.jpg,2
1273,../Dataset/train/rats/aug0rats033.jpg,2
1274,../Dataset/train/rats/aug0rats034.jpg,2
1275,../Dataset/train/rats/aug0rats035.jpg,2
1276,../Dataset/train/rats/aug0rats036.jpg,2
1277,../Dataset/train/rats/aug0rats037.jpg,2
1278,../Dataset/train/rats/aug0rats038.jpg,2
1279,../Dataset/train/rats/aug0rats039.jpg,2
1280,../Dataset/train/rats/aug0rats040.jpg,2
1281,../Dataset/train/rats/aug0rats041.jpg,2
1282,../Dataset/train/rats/aug0rats042.jpg,2
1283,../Dataset/train/rats/aug0rats043.jpg,2
1284,../Dataset/train/rats/aug0rats044.jpg,2
1285,../Dataset/train/rats/aug0rats045.jpg,2
1286,../Dataset/train/rats/aug0rats046.jpg,2
1287,../Dataset/train/rats/aug0rats047.jpg,2
1288,../Dataset/train/rats/aug0rats048.jpg,2
1289,../Dataset/train/rats/aug0rats049.jpg,2
1290,../Dataset/train/rats/aug0rats050.jpg,2
1291,../Dataset/train/rats/aug0rats051.jpg,2
1292,../Dataset/train/rats/aug0rats052.jpg,2
1293,../Dataset/train/rats/aug0rats053.jpg,2
1294,../Dataset/train/rats/aug0rats054.jpg,2
1295,../Dataset/train/rats/aug0rats055.jpg,2
1296,../Dataset/train/rats/aug0rats056.jpg,2
1297,../Dataset/train/rats/aug0rats057.jpg,2
1298,../Dataset/train/rats/aug0rats058.jpg,2
1299,../Dataset/train/rats/aug0rats059.jpg,2
1300,../Dataset/train/rats/aug0rats060.jpg,2
1301,../Dataset/train/rats/aug0rats061.jpg,2
1302,../Dataset/train/rats/aug0rats062.jpg,2
1303,../Dataset/train/rats/aug0rats063.jpg,2
1304,../Dataset/train/rats/aug0rats064.jpg,2
1305,../Dataset/train/rats/aug0rats065.jpg,2
1306,../Dataset/train/rats/aug0rats066.jpg,2
1307,../Dataset/train/rats/aug0rats067.jpg,2
1308,../Dataset/train/rats/aug0rats068.jpg,2
1309,../Dataset/train/rats/aug0rats069.jpg,2
1310,../Dataset/train/rats/aug0rats070.jpg,2
1311,../Dataset/train/rats/aug0rats071.jpg,2
1312,../Dataset/train/rats/aug0rats072.jpg,2
1313,../Dataset/train/rats/aug0rats073.jpg,2
1314,../Dataset/train/rats/aug0rats074.jpg,2
1315,../Dataset/train/rats/aug0rats075.jpg,2
1316,../Dataset/train/rats/aug0rats076.jpg,2
1317,../Dataset/train/rats/aug0rats077.jpg,2
1318,../Dataset/train/rats/aug0rats078.jpg,2
1319,../Dataset/train/rats/aug0rats079.jpg,2
1320,../Dataset/train/rats/aug0rats080.jpg,2
1321,../Dataset/train/rats/aug0rats081.jpg,2
1322,../Dataset/train/rats/aug0rats082.jpg,2
1323,../Dataset/train/rats/aug0rats083.jpg,2
1324,../Dataset/train/rats/aug0rats084.jpg,2
1325,../Dataset/train/rats/aug0rats085.jpg,2
1326,../Dataset/train/rats/aug0rats086.jpg,2
1327,../Dataset/train/rats/aug0rats087.jpg,2
1328,../Dataset/train/rats/aug0rats088.jpg,2
1329,../Dataset/train/rats/aug0rats089.jpg,2
1330,../Dataset/train/rats/aug0rats090.jpg,2
1331,../Dataset/train/rats/aug0rats091.jpg,2
1332,../Dataset/train/rats/aug0rats092.jpg,2
1333,../Dataset/train/rats/aug0rats093.jpg,2
1334,../Dataset/train/rats/aug0rats094.jpg,2
1335,../Dataset/train/rats/aug0rats095.jpg,2
1336,../Dataset/train/rats/aug0rats096.jpg,2
1337,../Dataset/train/rats/aug0rats097.jpg,2
1338,../Dataset/train/rats/aug0rats098.jpg,2
1339,../Dataset/train/rats/aug0rats099.jpg,2
1340,../Dataset/train/rats/aug0rats100.jpg,2
1341,../Dataset/train/rats/aug0rats101.jpg,2
1342,../Dataset/train/rats/aug0rats102.jpg,2
1343,../Dataset/train/rats/aug0rats103.jpg,2
1344,../Dataset/train/rats/aug0rats104.jpg,2
1345,../Dataset/train/rats/aug0rats105.jpg,2
1346,../Dataset/train/rats/aug0rats106.jpg,2
1347,../Dataset/train/rats/aug0rats107.jpg,2
1348,../Dataset/train/rats/aug0rats108.jpg,2
1349,../Dataset/train/rats/aug0rats109.jpg,2
1350,../Dataset/train/rats/aug0rats110.jpg,2
1351,../Dataset/train/rats/aug0rats111.jpg,2
1352,../Dataset/train/rats/aug0rats112.jpg,2
1353,../Dataset/train/rats/aug0rats113.jpg,2
1354,../Dataset/train/rats/aug0rats114.jpg,2
1355,../Dataset/train/rats/aug0rats115.jpg,2
1356,../Dataset/train/rats/aug0rats116.jpg,2
1357,../Dataset/train/rats/aug0rats117.jpg,2
1358,../Dataset/train/rats/aug0rats118.jpg,2
1359,../Dataset/train/rats/aug0rats119.jpg,2
1360,../Dataset/train/rats/aug0rats120.jpg,2
1361,../Dataset/train/rats/aug0rats121.jpg,2
1362,../Dataset/train/rats/aug0rats122.jpg,2
1363,../Dataset/train/rats/aug0rats123.jpg,2
1364,../Dataset/train/rats/aug0rats124.jpg,2
1365,../Dataset/train/rats/aug0rats125.jpg,2
1366,../Dataset/train/rats/aug0rats126.jpg,2
1367,../Dataset/train/rats/aug0rats127.jpg,2
1368,../Dataset/train/rats/aug0rats128.jpg,2
1369,../Dataset/train/rats/aug0rats129.jpg,2
1370,../Dataset/train/rats/aug0rats130.jpg,2
1371,../Dataset/train/rats/aug0rats131.jpg,2
1372,../Dataset/train/rats/aug0rats132.jpg,2
1373,../Dataset/train/rats/aug0rats133.jpg,2
1374,../Dataset/train/rats/aug0rats134.jpg,2
1375,../Dataset/train/rats/aug0rats135.jpg,2
1376,../Dataset/train/rats/aug0rats136.jpg,2
1377,../Dataset/train/rats/aug0rats137.jpg,2
1378,../Dataset/train/rats/aug0rats138.jpg,2
1379,../Dataset/train/rats/aug0rats139.jpg,2
1380,../Dataset/train/rats/aug0rats140.jpg,2
1381,../Dataset/train/rats/aug0rats141.jpg,2
1382,../Dataset/train/rats/aug0rats142.jpg,2
1383,../Dataset/train/rats/aug0rats143.jpg,2
1384,../Dataset/train/rats/aug0rats144.jpg,2
1385,../Dataset/train/rats/aug0rats145.jpg,2
1386,../Dataset/train/rats/aug0rats146.jpg,2
1387,../Dataset/train/rats/aug0rats147.jpg,2
1388,../Dataset/train/rats/aug0rats148.jpg,2
1389,../Dataset/train/rats/aug0rats149.jpg,2
1390,../Dataset/train/rats/aug0rats150.jpg,2
1391,../Dataset/train/rats/aug0rats151.jpg,2
1392,../Dataset/train/rats/aug0rats152.jpg,2
1393,../Dataset/train/rats/aug0rats153.jpg,2
1394,../Dataset/train/rats/aug0rats154.jpg,2
1395,../Dataset/train/rats/aug0rats155.jpg,2
1396,../Dataset/train/rats/aug0rats156.jpg,2
1397,../Dataset/train/rats/aug0rats157.jpg,2
1398,../Dataset/train/rats/aug0rats158.jpg,2
1399,../Dataset/train/rats/aug0rats159.jpg,2
1400,../Dataset/train/rats/aug0rats160.jpg,2
1401,../Dataset/train/rats/aug0rats161.jpg,2
1402,../Dataset/train/rats/aug0rats162.jpg,2
1403,../Dataset/train/rats/aug0rats163.jpg,2
1404,../Dataset/train/rats/aug0rats164.jpg,2
1405,../Dataset/train/rats/aug0rats165.jpg,2
1406,../Dataset/train/rats/aug0rats166.jpg,2
1407,../Dataset/train/rats/aug0rats167.jpg,2
1408,../Dataset/train/rats/aug0rats168.jpg,2
1409,../Dataset/train/rats/aug0rats169.jpg,2
1410,../Dataset/train/rats/aug0rats170.jpg,2
1411,../Dataset/train/rats/aug0rats171.jpg,2
1412,../Dataset/train/rats/aug0rats172.jpg,2
1413,../Dataset/train/rats/aug0rats173.jpg,2
1414,../Dataset/train/rats/aug0rats174.jpg,2
1415,../Dataset/train/rats/aug0rats175.jpg,2
1416,../Dataset/train/rats/aug0rats176.jpg,2
1417,../Dataset/train/rats/aug0rats177.jpg,2
1418,../Dataset/train/rats/aug0rats178.jpg,2
1419,../Dataset/train/rats/aug0rats179.jpg,2
1420,../Dataset/train/rats/aug0rats180.jpg,2
1421,../Dataset/train/rats/aug0rats181.jpg,2
1422,../Dataset/train/rats/aug0rats182.jpg,2
1423,../Dataset/train/rats/aug0rats183.jpg,2
1424,../Dataset/train/rats/aug0rats184.jpg,2
1425,../Dataset/train/rats/aug0rats185.jpg,2
1426,../Dataset/train/rats/aug0rats186.jpg,2
1427,../Dataset/train/rats/aug0rats187.jpg,2
1428,../Dataset/train/rats/aug0rats188.jpg,2
1429,../Dataset/train/rats/aug0rats189.jpg,2
1430,../Dataset/train/rats/aug0rats190.jpg,2
1431,../Dataset/train/rats/aug0rats191.jpg,2
1432,../Dataset/train/rats/aug0rats192.jpg,2
1433,../Dataset/train/rats/aug0rats193.jpg,2
1434,../Dataset/train/rats/aug0rats194.jpg,2
1435,../Dataset/train/rats/aug0rats195.jpg,2
1436,../Dataset/train/rats/aug0rats196.jpg,2
1437,../Dataset/train/rats/aug0rats197.jpg,2
1438,../Dataset/train/rats/aug0rats198.jpg,2
1439,../Dataset/train/rats/aug0rats199.jpg,2
1440,../Dataset/train/rats/aug0rats200.jpg,2
1441,../Dataset/train/rats/aug0rats201.jpg,2
1442,../Dataset/train/rats/aug0rats202.jpg,2
1443,../Dataset/train/rats/aug0rats203.jpg,2
1444,../Dataset/train/rats/aug0rats204.jpg,2
1445,../Dataset/train/rats/aug0rats205.jpg,2
1446,../Dataset/train/rats/aug0rats206.jpg,2
1447,../Dataset/train/rats/aug0rats207.jpg,2
1448,../Dataset/train/rats/aug0rats208.jpg,2
1449,../Dataset/train/rats/aug0rats209.jpg,2
1450,../Dataset/train/rats/aug0rats210.jpg,2
1451,../Dataset/train/rats/aug0rats211.jpg,2
1452,../Dataset/train/rats/aug0rats212.jpg,2
1453,../Dataset/train/rats/aug0rats213.jpg,2
1454,../Dataset/train/rats/aug0rats214.jpg,2
1455,../Dataset/train/rats/aug0rats215.jpg,2
1456,../Dataset/train/rats/aug0rats216.jpg,2
1457,../Dataset/train/rats/aug0rats217.jpg,2
1458,../Dataset/train/rats/aug0rats218.jpg,2
1459,../Dataset/train/rats/aug0rats219.jpg,2
1460,../Dataset/train/rats/aug0rats220.jpg,2
1461,../Dataset/train/rats/aug0rats221.jpg,2
1462,../Dataset/train/rats/aug0rats222.jpg,2
1463,../Dataset/train/rats/aug0rats223.jpg,2
1464,../Dataset/train/rats/aug0rats224.jpg,2
1465,../Dataset/train/rats/aug0rats225.jpg,2
1466,../Dataset/train/rats/aug0rats226.jpg,2
1467,../Dataset/train/rats/aug0rats227.jpg,2
1468,../Dataset/train/rats/aug0rats228.jpg,2
1469,../Dataset/train/rats/aug0rats229.jpg,2
1470,../Dataset/train/rats/aug0rats230.jpg,2
1471,../Dataset/train/rats/aug0rats231.jpg,2
1472,../Dataset/train/rats/aug0rats232.jpg,2
1473,../Dataset/train/rats/aug0rats233.jpg,2
1474,../Dataset/train/rats/aug0rats234.jpg,2
1475,../Dataset/train/rats/aug0rats235.jpg,2
1476,../Dataset/train/rats/aug0rats236.jpg,2
1477,../Dataset/train/rats/aug0rats237.jpg,2
1478,../Dataset/train/rats/aug0rats238.jpg,2
1479,../Dataset/train/rats/aug0rats239.jpg,2
1480,../Dataset/train/rats/aug0rats240.jpg,2
1481,../Dataset/train/rats/aug0rats241.jpg,2
1482,../Dataset/train/rats/aug0rats242.jpg,2
1483,../Dataset/train/rats/aug0rats243.jpg,2
1484,../Dataset/train/rats/aug0rats244.jpg,2
1485,../Dataset/train/rats/aug0rats245.jpg,2
1486,../Dataset/train/rats/aug0rats246.jpg,2
1487,../Dataset/train/rats/aug0rats247.jpg,2
1488,../Dataset/train/rats/aug0rats248.jpg,2
1489,../Dataset/train/rats/aug0rats249.jpg,2
1490,../Dataset/train/rats/aug0rats250.jpg,2
1491,../Dataset/train/rats/aug0rats251.jpg,2
1492,../Dataset/train/rats/aug0rats252.jpg,2
1493,../Dataset/train/rats/aug0rats253.jpg,2
1494,../Dataset/train/rats/aug0rats254.jpg,2
1495,../Dataset/train/rats/aug0rats255.jpg,2
1496,../Dataset/train/rats/aug0rats256.jpg,2
1497,../Dataset/train/rats/aug0rats257.jpg,2
1498,../Dataset/train/rats/aug0rats258.jpg,2
1499,../Dataset/train/rats/aug0rats259.jpg,2
1500,../Dataset/train/rats/aug0rats260.jpg,2
1501,../Dataset/train/rats/aug0rats261.jpg,2
1502,../Dataset/train/rats/aug0rats262.jpg,2
1503,../Dataset/train/rats/aug0rats263.jpg,2
1504,../Dataset/train/rats/aug0rats264.jpg,2
1505,../Dataset/train/rats/aug0rats265.jpg,2
1506,../Dataset/train/rats/aug0rats266.jpg,2
1507,../Dataset/train/rats/aug0rats267.jpg,2
1508,../Dataset/train/rats/aug0rats268.jpg,2
1509,../Dataset/train/rats/aug0rats269.jpg,2
1510,../Dataset/train/rats/rats000.jpg,2
1511,../Dataset/train/rats/rats001.jpg,2
1512,../Dataset/train/rats/rats002.jpg,2
1513,../Dataset/train/rats/rats003.jpg,2
1514,../Dataset/train/rats/rats004.jpg,2
1515,../Dataset/train/rats/rats005.jpg,2
1516,../Dataset/train/rats/rats006.jpg,2
1517,../Dataset/train/rats/rats007.jpg,2
1518,../Dataset/train/rats/rats008.jpg,2
1519,../Dataset/train/rats/rats009.jpg,2
1520,../Dataset/train/rats/rats010.jpg,2
1521,../Dataset/train/rats/rats011.jpg,2
1522,../Dataset/train/rats/rats012.jpg,2
1523,../Dataset/train/rats/rats013.jpg,2
1524,../Dataset/train/rats/rats014.jpg,2
1525,../Dataset/train/rats/rats015.jpg,2
1526,../Dataset/train/rats/rats016.jpg,2
1527,../Dataset/train/rats/rats017.jpg,2
1528,../Dataset/train/rats/rats018.jpg,2
1529,../Dataset/train/rats/rats019.jpg,2
1530,../Dataset/train/rats/rats020.jpg,2
1531,../Dataset/train/rats/rats021.jpg,2
1532,../Dataset/train/rats/rats022.jpg,2
1533,../Dataset/train/rats/rats023.jpg,2
1534,../Dataset/train/rats/rats024.jpg,2
1535,../Dataset/train/rats/rats025.jpg,2
1536,../Dataset/train/rats/rats026.jpg,2
1537,../Dataset/train/rats/rats027.jpg,2
1538,../Dataset/train/rats/rats028.jpg,2
1539,../Dataset/train/rats/rats029.jpg,2
1540,../Dataset/train/rats/rats030.jpg,2
1541,../Dataset/train/rats/rats031.jpg,2
1542,../Dataset/train/rats/rats032.jpg,2
1543,../Dataset/train/rats/rats033.jpg,2
1544,../Dataset/train/rats/rats034.jpg,2
1545,../Dataset/train/rats/rats035.jpg,2
1546,../Dataset/train/rats/rats036.jpg,2
1547,../Dataset/train/rats/rats037.jpg,2
1548,../Dataset/train/rats/rats038.jpg,2
1549,../Dataset/train/rats/rats039.jpg,2
1550,../Dataset/train/rats/rats040.jpg,2
1551,../Dataset/train/rats/rats041.jpg,2
1552,../Dataset/train/rats/rats042.jpg,2
1553,../Dataset/train/rats/rats043.jpg,2
1554,../Dataset/train/rats/rats044.jpg,2
1555,../Dataset/train/rats/rats045.jpg,2
1556,../Dataset/train/rats/rats046.jpg,2
1557,../Dataset/train/rats/rats047.jpg,2
1558,../Dataset/train/rats/rats048.jpg,2
1559,../Dataset/train/rats/rats049.jpg,2
1560,../Dataset/train/rats/rats050.jpg,2
1561,../Dataset/train/rats/rats051.jpg,2
1562,../Dataset/train/rats/rats052.jpg,2
1563,../Dataset/train/rats/rats053.jpg,2
1564,../Dataset/train/rats/rats054.jpg,2
1565,../Dataset/train/rats/rats055.jpg,2
1566,../Dataset/train/rats/rats056.jpg,2
1567,../Dataset/train/rats/rats057.jpg,2
1568,../Dataset/train/rats/rats058.jpg,2
1569,../Dataset/train/rats/rats059.jpg,2
1570,../Dataset/train/rats/rats060.jpg,2
1571,../Dataset/train/rats/rats061.jpg,2
1572,../Dataset/train/rats/rats062.jpg,2
1573,../Dataset/train/rats/rats063.jpg,2
1574,../Dataset/train/rats/rats064.jpg,2
1575,../Dataset/train/rats/rats065.jpg,2
1576,../Dataset/train/rats/rats066.jpg,2
1577,../Dataset/train/rats/rats067.jpg,2
1578,../Dataset/train/rats/rats068.jpg,2
1579,../Dataset/train/rats/rats069.jpg,2
1580,../Dataset/train/rats/rats070.jpg,2
1581,../Dataset/train/rats/rats071.jpg,2
1582,../Dataset/train/rats/rats072.jpg,2
1583,../Dataset/train/rats/rats073.jpg,2
1584,../Dataset/train/rats/rats074.jpg,2
1585,../Dataset/train/rats/rats075.jpg,2
1586,../Dataset/train/rats/rats076.jpg,2
1587,../Dataset/train/rats/rats077.jpg,2
1588,../Dataset/train/rats/rats078.jpg,2
1589,../Dataset/train/rats/rats079.jpg,2
1590,../Dataset/train/rats/rats080.jpg,2
1591,../Dataset/train/rats/rats081.jpg,2
1592,../Dataset/train/rats/rats082.jpg,2
1593,../Dataset/train/rats/rats083.jpg,2
1594,../Dataset/train/rats/rats084.jpg,2
1595,../Dataset/train/rats/rats085.jpg,2
1596,../Dataset/train/rats/rats086.jpg,2
1597,../Dataset/train/rats/rats087.jpg,2
1598,../Dataset/train/rats/rats088.jpg,2
1599,../Dataset/train/rats/rats089.jpg,2
1600,../Dataset/train/rats/rats090.jpg,2
1601,../Dataset/train/rats/rats091.jpg,2
1602,../Dataset/train/rats/rats092.jpg,2
1603,../Dataset/train/rats/rats093.jpg,2
1604,../Dataset/train/rats/rats094.jpg,2
1605,../Dataset/train/rats/rats095.jpg,2
1606,../Dataset/train/rats/rats096.jpg,2
1607,../Dataset/train/rats/rats097.jpg,2
1608,../Dataset/train/rats/rats098.jpg,2
1609,../Dataset/train/rats/rats099.jpg,2
1610,../Dataset/train/rats/rats100.jpg,2
1611,../Dataset/train/rats/rats101.jpg,2
1612,../Dataset/train/rats/rats102.jpg,2
1613,../Dataset/train/rats/rats103.jpg,2
1614,../Dataset/train/rats/rats104.jpg,2
1615,../Dataset/train/rats/rats105.jpg,2
1616,../Dataset/train/rats/rats106.jpg,2
1617,../Dataset/train/rats/rats107.jpg,2
1618,../Dataset/train/rats/rats108.jpg,2
1619,../Dataset/train/rats/rats109.jpg,2
1620,../Dataset/train/rats/rats110.jpg,2
1621,../Dataset/train/rats/rats111.jpg,2
1622,../Dataset/train/rats/rats112.jpg,2
1623,../Dataset/train/rats/rats113.jpg,2
1624,../Dataset/train/rats/rats114.jpg,2
1625,../Dataset/train/rats/rats115.jpg,2
1626,../Dataset/train/rats/rats116.jpg,2
1627,../Dataset/train/rats/rats117.jpg,2
1628,../Dataset/train/rats/rats118.jpg,2
1629,../Dataset/train/rats/rats119.jpg,2
1630,../Dataset/train/rats/rats120.jpg,2
1631,../Dataset/train/rats/rats121.jpg,2
1632,../Dataset/train/rats/rats122.jpg,2
1633,../Dataset/train/rats/rats123.jpg,2
1634,../Dataset/train/rats/rats124.jpg,2
1635,../Dataset/train/rats/rats125.jpg,2
1636,../Dataset/train/rats/rats126.jpg,2
1637,../Dataset/train/rats/rats127.jpg,2
1638,../Dataset/train/rats/rats128.jpg,2
1639,../Dataset/train/rats/rats129.jpg,2
1640,../Dataset/train/rats/rats130.jpg,2
1641,../Dataset/train/rats/rats131.jpg,2
1642,../Dataset/train/rats/rats132.jpg,2
1643,../Dataset/train/rats/rats133.jpg,2
1644,../Dataset/train/rats/rats134.jpg,2
1645,../Dataset/train/rats/rats135.jpg,2
1646,../Dataset/train/rats/rats136.jpg,2
1647,../Dataset/train/rats/rats137.jpg,2
1648,../Dataset/train/rats/rats138.jpg,2
1649,../Dataset/train/rats/rats139.jpg,2
1650,../Dataset/train/rats/rats140.jpg,2
1651,../Dataset/train/rats/rats141.jpg,2
1652,../Dataset/train/rats/rats142.jpg,2
1653,../Dataset/train/rats/rats143.jpg,2
1654,../Dataset/train/rats/rats144.jpg,2
1655,../Dataset/train/rats/rats145.jpg,2
1656,../Dataset/train/rats/rats146.jpg,2
1657,../Dataset/train/rats/rats147.jpg,2
1658,../Dataset/train/rats/rats148.jpg,2
1659,../Dataset/train/rats/rats149.jpg,2
1660,../Dataset/train/rats/rats150.jpg,2
1661,../Dataset/train/rats/rats151.jpg,2
1662,../Dataset/train/rats/rats152.jpg,2
1663,../Dataset/train/rats/rats153.jpg,2
1664,../Dataset/train/rats/rats154.jpg,2
1665,../Dataset/train/rats/rats155.jpg,2
1666,../Dataset/train/rats/rats156.jpg,2
1667,../Dataset/train/rats/rats157.jpg,2
1668,../Dataset/train/rats/rats158.jpg,2
1669,../Dataset/train/rats/rats159.jpg,2
1670,../Dataset/train/rats/rats160.jpg,2
1671,../Dataset/train/rats/rats161.jpg,2
1672,../Dataset/train/rats/rats162.jpg,2
1673,../Dataset/train/rats/rats163.jpg,2
1674,../Dataset/train/rats/rats164.jpg,2
1675,../Dataset/train/rats/rats165.jpg,2
1676,../Dataset/train/rats/rats166.jpg,2
1677,../Dataset/train/rats/rats167.jpg,2
1678,../Dataset/train/rats/rats168.jpg,2
1679,../Dataset/train/rats/rats169.jpg,2
1680,../Dataset/train/rats/rats170.jpg,2
1681,../Dataset/train/rats/rats171.jpg,2
1682,../Dataset/train/rats/rats172.jpg,2
1683,../Dataset/train/rats/rats173.jpg,2
1684,../Dataset/train/rats/rats174.jpg,2
1685,../Dataset/train/rats/rats175.jpg,2
1686,../Dataset/train/rats/rats176.jpg,2
1687,../Dataset/train/rats/rats177.jpg,2
1688,../Dataset/train/rats/rats178.jpg,2
1689,../Dataset/train/rats/rats179.jpg,2
1690,../Dataset/train/rats/rats180.jpg,2
1691,../Dataset/train/rats/rats181.jpg,2
1692,../Dataset/train/rats/rats182.jpg,2
1693,../Dataset/train/rats/rats183.jpg,2
1694,../Dataset/train/rats/rats184.jpg,2
1695,../Dataset/train/rats/rats185.jpg,2
1696,../Dataset/train/rats/rats186.jpg,2
1697,../Dataset/train/rats/rats187.jpg,2
1698,../Dataset/train/rats/rats188.jpg,2
1699,../Dataset/train/rats/rats189.jpg,2
1700,../Dataset/train/rats/rats190.jpg,2
1701,../Dataset/train/rats/rats191.jpg,2
1702,../Dataset/train/rats/rats192.jpg,2
1703,../Dataset/train/rats/rats193.jpg,2
1704,../Dataset/train/rats/rats194.jpg,2
1705,../Dataset/train/rats/rats195.jpg,2
1706,../Dataset/train/rats/rats196.jpg,2
1707,../Dataset/train/rats/rats197.jpg,2
1708,../Dataset/train/rats/rats198.jpg,2
1709,../Dataset/train/rats/rats199.jpg,2
1710,../Dataset/train/rats/rats200.jpg,2
1711,../Dataset/train/rats/rats201.jpg,2
1712,../Dataset/train/rats/rats202.jpg,2
1713,../Dataset/train/rats/rats203.jpg,2
1714,../Dataset/train/rats/rats204.jpg,2
1715,../Dataset/train/rats/rats205.jpg,2
1716,../Dataset/train/rats/rats206.jpg,2
1717,../Dataset/train/rats/rats207.jpg,2
1718,../Dataset/train/rats/rats208.jpg,2
1719,../Dataset/train/rats/rats209.jpg,2
1720,../Dataset/train/rats/rats210.jpg,2
1721,../Dataset/train/rats/rats211.jpg,2
1722,../Dataset/train/rats/rats212.jpg,2
1723,../Dataset/train/rats/rats213.jpg,2
1724,../Dataset/train/rats/rats214.jpg,2
1725,../Dataset/train/rats/rats215.jpg,2
1726,../Dataset/train/rats/rats216.jpg,2
1727,../Dataset/train/rats/rats217.jpg,2
1728,../Dataset/train/rats/rats218.jpg,2
1729,../Dataset/train/rats/rats219.jpg,2
1730,../Dataset/train/rats/rats220.jpg,2
1731,../Dataset/train/rats/rats221.jpg,2
1732,../Dataset/train/rats/rats222.jpg,2
1733,../Dataset/train/rats/rats223.jpg,2
1734,../Dataset/train/rats/rats224.jpg,2
1735,../Dataset/train/rats/rats225.jpg,2
1736,../Dataset/train/rats/rats226.jpg,2
1737,../Dataset/train/rats/rats227.jpg,2
1738,../Dataset/train/rats/rats228.jpg,2
1739,../Dataset/train/rats/rats229.jpg,2
1740,../Dataset/train/rats/rats230.jpg,2
1741,../Dataset/train/rats/rats231.jpg,2
1742,../Dataset/train/rats/rats232.jpg,2
1743,../Dataset/train/rats/rats233.jpg,2
1744,../Dataset/train/rats/rats234.jpg,2
1745,../Dataset/train/rats/rats235.jpg,2
1746,../Dataset/train/rats/rats236.jpg,2
1747,../Dataset/train/rats/rats237.jpg,2
1748,../Dataset/train/rats/rats238.jpg,2
1749,../Dataset/train/rats/rats239.jpg,2
1750,../Dataset/train/rats/rats240.jpg,2
1751,../Dataset/train/rats/rats241.jpg,2
1752,../Dataset/train/rats/rats242.jpg,2
1753,../Dataset/train/rats/rats243.jpg,2
1754,../Dataset/train/rats/rats244.jpg,2
1755,../Dataset/train/rats/rats245.jpg,2
1756,../Dataset/train/rats/rats246.jpg,2
1757,../Dataset/train/rats/rats247.jpg,2
1758,../Dataset/train/rats/rats248.jpg,2
1759,../Dataset/train/rats/rats249.jpg,2
1760,../Dataset/train/rats/rats250.jpg,2
1761,../Dataset/train/rats/rats251.jpg,2
1762,../Dataset/train/rats/rats252.jpg,2
1763,../Dataset/train/rats/rats253.jpg,2
1764,../Dataset/train/rats/rats254.jpg,2
1765,../Dataset/train/rats/rats255.jpg,2
1766,../Dataset/train/rats/rats256.jpg,2
1767,../Dataset/train/rats/rats257.jpg,2
1768,../Dataset/train/rats/rats258.jpg,2
1769,../Dataset/train/rats/rats259.jpg,2
1770,../Dataset/train/rats/rats260.jpg,2
1771,../Dataset/train/rats/rats261.jpg,2
1772,../Dataset/train/rats/rats262.jpg,2
1773,../Dataset/train/rats/rats263.jpg,2
1774,../Dataset/train/rats/rats264.jpg,2
1775,../Dataset/train/rats/rats265.jpg,2
1776,../Dataset/train/rats/rats266.jpg,2
1777,../Dataset/train/rats/rats267.jpg,2
1778,../Dataset/train/rats/rats268.jpg,2
1779,../Dataset/train/rats/rats269.jpg,2
